trip_id,vendor_id,rate_code_id,pickup_location_id,dropoff_location_id,pickup_datetime,dropoff_datetime,passenger_count,trip_type,payment_type,taxi_type,fare_amount,extra,mta_tax,tip_amount,tolls_amount,improvement_surcharge,total_amount,ehail_fee,payment_name
367d689ba052826e146524ebec5413ec,2,1,264,264,2019-01-20T11:26:11Z,2019-01-20T11:27:04Z,1,1,2,Yellow,1.5,0.0,0.5,0.0,0.0,0.3,2.3,0.0,Cash
db56b0061476b3c75a5875f5df532309,2,1,144,79,2019-01-31T16:07:31Z,2019-01-31T16:11:12Z,1,1,1,Yellow,5.0,0.5,0.5,1.58,0.0,0.3,7.88,0.0,Credit Card
46cd009b8cd1bd6e4c95708f03655b25,2,1,158,237,2019-01-31T23:57:42Z,2019-02-01T00:11:58Z,1,1,1,Yellow,14.0,0.5,0.5,4.59,0.0,0.3,19.89,0.0,Credit Card
b2c8496530f6b6606f1bd7bc07fceae4,2,1,42,261,2019-01-01T14:43:45Z,2019-01-01T15:17:48Z,1,1,1,Green,35.5,0.0,0.5,0.0,0.0,0.3,36.3,,Credit Card
41c274ee24f4865d23211a1241f92025,2,1,39,35,2019-01-01T14:31:05Z,2019-01-01T14:50:05Z,1,1,1,Green,14.0,0.0,0.5,0.0,0.0,0.3,14.8,,Credit Card
afc7c0c430193acf9a39c0703221f54b,2,1,226,223,2019-01-01T19:03:15Z,2019-01-01T19:22:27Z,1,1,2,Green,14.0,0.0,0.5,0.0,0.0,0.3,14.8,,Cash
cdc30c52de91d2fc88e7b9d7ed2685df,1,1,41,143,2019-01-01T19:36:09Z,2019-01-01T19:52:49Z,1,1,1,Green,14.0,0.0,0.5,2.22,0.0,0.3,17.02,,Credit Card
79e53454f275fc272a1705b18674e42d,2,5,74,42,2019-01-01T00:44:36Z,2019-01-01T00:54:34Z,1,2,1,Green,14.0,0.0,0.0,0.88,0.0,0.0,14.88,,Credit Card
636a798e9e195c7604f1b8f32846ee9e,2,1,190,52,2019-01-01T13:58:52Z,2019-01-01T14:15:02Z,1,1,1,Green,14.0,0.0,0.5,2.22,0.0,0.3,18.97,,Credit Card
4c8867683c1396a34c669ba7c11d7e2f,2,1,112,7,2019-01-01T11:23:08Z,2019-01-01T11:35:05Z,1,1,1,Green,11.5,0.0,0.5,0.0,0.0,0.3,12.3,,Credit Card
42aa15c2f3d80612dbc63c8eee317a87,2,1,135,28,2019-01-01T16:31:50Z,2019-01-01T16:45:32Z,1,1,1,Green,11.5,0.0,0.5,0.0,0.0,0.3,12.3,,Credit Card
b582bb73c341d94749e93656d0a77691,2,1,82,129,2019-01-01T16:07:37Z,2019-01-01T16:17:06Z,1,1,2,Green,11.5,0.0,0.5,0.0,0.0,0.3,12.3,,Cash
f42376bbfb17284618ed81b63c2c76ff,1,1,82,56,2019-01-01T01:01:51Z,2019-01-01T01:17:16Z,1,1,2,Green,11.5,0.5,0.5,0.0,0.0,0.3,12.8,,Cash
5373bae5cfd81fa51c2adbeb91768e70,2,1,74,244,2019-01-01T15:41:04Z,2019-01-01T15:53:31Z,1,1,1,Green,11.5,0.0,0.5,2.46,0.0,0.3,14.76,,Credit Card
7af3f443593f4ea19fbf4fd04f39b3fb,2,1,74,238,2019-01-01T15:55:21Z,2019-01-01T16:08:26Z,6,1,1,Green,11.5,0.0,0.5,2.46,0.0,0.3,14.76,,Credit Card
58a43c52e63c19a492027f320b473771,2,1,244,42,2019-01-01T12:01:25Z,2019-01-01T12:09:31Z,1,1,1,Green,11.5,0.0,0.5,2.46,0.0,0.3,16.71,,Credit Card
bd911a875a7d65015e27d0de3c6be71b,2,1,130,223,2019-01-01T01:49:07Z,2019-01-01T02:11:00Z,1,1,2,Green,28.0,0.5,0.5,0.0,0.0,0.3,29.3,,Cash
440c00613c9522048ee08ac9c5f272f0,2,1,61,224,2019-01-01T01:40:47Z,2019-01-01T02:14:19Z,5,1,2,Green,28.0,0.5,0.5,0.0,0.0,0.3,29.3,,Cash
6a9317638f3ec28188f07742e34ea681,1,1,41,74,2019-01-01T17:04:43Z,2019-01-01T17:14:37Z,1,1,1,Green,9.0,1.0,0.5,3.2,0.0,0.3,14.0,,Credit Card
8f685ccece2d6e3799cb327450c66028,2,1,129,83,2019-01-01T18:49:19Z,2019-01-01T19:00:38Z,1,1,1,Green,9.0,0.0,0.5,0.0,0.0,0.3,9.8,,Credit Card
54f4516795b0527821fa8c1b42eabf0d,2,1,41,238,2019-01-01T06:55:44Z,2019-01-01T07:04:45Z,1,1,2,Green,9.0,0.0,0.5,0.0,0.0,0.3,9.8,,Cash
a11288177692e525609855d90e899341,2,1,95,56,2019-01-01T14:52:44Z,2019-01-01T15:02:17Z,1,1,2,Green,9.0,0.0,0.5,0.0,0.0,0.3,9.8,,Cash
b3a6e8592ed8de9567a06d62de22d082,2,1,225,61,2019-01-01T05:49:16Z,2019-01-01T05:57:59Z,1,1,2,Green,9.0,0.5,0.5,0.0,0.0,0.3,10.3,,Cash
f6d1f1af9742c2c0b3ab360fb0270a38,2,1,89,89,2019-01-01T01:48:26Z,2019-01-01T01:58:31Z,1,1,2,Green,9.0,0.5,0.5,0.0,0.0,0.3,10.3,,Cash
6c7113e82399750a6dd365d059c5edca,1,1,95,56,2019-01-01T00:33:57Z,2019-01-01T00:44:36Z,1,1,2,Green,9.0,0.5,0.5,0.0,0.0,0.3,10.3,,Cash
a3e4cb21695651ce2c55cb5d2004416d,2,1,41,116,2019-01-01T00:09:27Z,2019-01-01T00:18:21Z,1,1,2,Green,9.0,0.5,0.5,0.0,0.0,0.3,10.3,,Cash
960a0dfad40502e2c93360fe1f7b5d29,2,1,41,238,2019-01-01T01:22:12Z,2019-01-01T01:31:47Z,1,1,1,Green,9.0,0.5,0.5,2.06,0.0,0.3,12.36,,Credit Card
4441b9334581ac4a62db6be4303919e8,2,1,95,134,2019-01-01T15:56:03Z,2019-01-01T16:06:43Z,1,1,1,Green,9.0,0.0,0.5,2.94,0.0,0.3,12.74,,Credit Card
001ecaf78c95c9ceae74a44c28cb1b82,2,1,25,262,2019-01-01T00:19:41Z,2019-01-01T00:45:45Z,1,1,2,Green,25.5,0.5,0.5,0.0,0.0,0.3,26.8,,Cash
03c8dacde22eec3b8582fecfe9838f73,2,1,134,223,2019-01-01T23:28:14Z,2019-01-01T23:41:38Z,1,1,1,Green,25.5,0.5,0.5,5.36,0.0,0.3,32.16,,Credit Card
dfb9f9e4aa589f6a5bb1b9350cec3ecc,2,1,25,33,2019-01-01T11:07:19Z,2019-01-01T11:12:17Z,1,1,1,Green,6.5,0.0,0.5,1.7,0.0,0.3,9.0,,Credit Card
2e989495ea3ac6acf7b30faf49e39ac2,2,1,75,74,2019-01-01T09:55:29Z,2019-01-01T10:00:27Z,2,1,2,Green,6.5,0.0,0.5,0.0,0.0,0.3,7.3,,Cash
61c4bfd481c036eb71651b47fdd42fa9,2,1,82,82,2019-01-01T06:29:10Z,2019-01-01T06:39:18Z,1,1,2,Green,6.5,0.0,0.5,0.0,0.0,0.3,7.3,,Cash
174d0a8071d043dfad6f6a8426dff6ef,2,1,43,75,2019-01-01T17:50:40Z,2019-01-01T17:57:16Z,1,1,2,Green,6.5,0.0,0.5,0.0,0.0,0.3,7.3,,Cash
173f9bdfd60e94794219caec0ce96ecb,1,1,152,244,2019-01-01T09:21:22Z,2019-01-01T09:26:53Z,1,1,2,Green,6.5,0.0,0.5,0.0,0.0,0.3,7.3,,Cash
6b3c122b2ebd37254b9f0bc38d1cf3ba,2,1,42,41,2019-01-01T19:33:24Z,2019-01-01T19:39:34Z,1,1,2,Green,6.5,0.0,0.5,0.0,0.0,0.3,7.3,,Cash
9321b592286a95f843349a5565e7fffe,2,1,49,97,2019-01-01T12:36:33Z,2019-01-01T12:43:35Z,1,1,1,Green,6.5,0.0,0.5,0.0,0.0,0.3,7.3,,Credit Card
d43a683dc44b8da352bf5ea7766c69f3,2,1,61,17,2019-01-01T18:13:55Z,2019-01-01T18:19:35Z,1,1,2,Green,6.5,0.0,0.5,0.0,0.0,0.3,7.3,,Cash
4da06f0c2d51dddf39434b662f90728c,2,1,112,256,2019-01-01T02:45:53Z,2019-01-01T02:52:23Z,1,1,1,Green,6.5,0.5,0.5,5.0,0.0,0.3,12.8,,Credit Card
a23bc5f367bdc1cee29650a5de604957,2,1,83,82,2019-01-01T04:39:59Z,2019-01-01T04:47:09Z,1,1,2,Green,6.5,0.5,0.5,0.0,0.0,0.3,7.8,,Cash
bf4a7bacb536201bce1e67f3accf76d8,2,1,112,255,2019-01-01T22:16:00Z,2019-01-01T22:22:37Z,1,1,2,Green,6.5,0.5,0.5,0.0,0.0,0.3,7.8,,Cash
8a9cf5ab2811b84956c255290959842c,2,1,17,49,2019-01-01T16:25:25Z,2019-01-01T16:32:07Z,1,1,2,Green,6.5,1.0,0.5,0.0,0.0,0.3,8.3,,Cash
fadb561626d8b90868f43c100e6e620d,2,1,49,55,2019-01-01T03:05:42Z,2019-01-01T04:02:57Z,1,1,1,Green,42.0,0.5,0.5,0.0,0.0,0.3,43.3,,Credit Card
bd238f161b3b4b58e139c3197bb0b894,2,1,181,42,2019-01-01T03:33:19Z,2019-01-01T04:03:14Z,1,1,2,Green,42.0,0.5,0.5,0.0,0.0,0.3,43.3,,Cash
a113a9711698b42803c75de7f0e9e9dd,2,1,89,217,2019-01-01T15:56:01Z,2019-01-02T15:49:56Z,1,1,1,Green,23.0,0.0,0.5,0.0,0.0,0.3,23.8,,Credit Card
05758fdd192b3d98efdf426801856a7c,2,1,41,18,2019-01-01T02:13:23Z,2019-01-01T02:35:49Z,1,1,2,Green,23.0,0.5,0.5,0.0,0.0,0.3,24.3,,Cash
747ddfeb9cdf154f159c8bd719bdec49,2,1,7,7,2019-01-01T18:29:30Z,2019-01-01T18:32:31Z,5,1,2,Green,4.0,0.0,0.5,0.0,0.0,0.3,4.8,,Cash
922c042f42737b5a3aa22bd035836f6e,2,1,74,75,2019-01-01T13:05:14Z,2019-01-01T13:07:38Z,1,1,2,Green,4.0,0.0,0.5,0.0,0.0,0.3,4.8,,Cash
22fdba8b3b1775d109a900eb947890af,1,1,41,41,2019-01-01T15:48:09Z,2019-01-01T15:50:54Z,1,1,2,Green,4.0,0.0,0.5,0.0,0.0,0.3,4.8,,Cash
af5b784d25239cc01d8822ca05bd39ad,1,1,49,97,2019-01-01T08:26:59Z,2019-01-01T08:29:04Z,1,1,1,Green,4.0,0.0,0.5,0.72,0.0,0.3,5.52,,Credit Card
707ea6214722fcdfe7681c78b35d69eb,2,1,80,255,2019-01-01T01:33:49Z,2019-01-01T01:36:32Z,1,1,2,Green,4.0,0.5,0.5,0.0,0.0,0.3,5.3,,Cash
b67df15afe895e2f01b7547da6632463,2,1,7,179,2019-01-01T00:22:01Z,2019-01-01T00:24:36Z,1,1,2,Green,4.0,0.5,0.5,0.0,0.0,0.3,5.3,,Cash
e98480b81ba77a51e1b0c9c816528e50,2,1,80,36,2019-01-01T09:52:40Z,2019-01-01T09:55:53Z,1,1,1,Green,4.0,0.0,0.5,0.96,0.0,0.3,5.76,,Credit Card
aa3ccbe6cffda219c1e74ee494eb0c2e,2,1,181,228,2019-01-01T04:02:30Z,2019-01-01T04:05:06Z,1,1,1,Green,4.0,0.5,0.5,1.59,0.0,0.3,6.89,,Credit Card
3f38cd914d889d688243c8093635621f,1,1,7,160,2019-01-01T04:15:11Z,2019-01-01T04:35:20Z,1,1,2,Green,20.5,0.5,0.5,0.0,0.0,0.3,21.8,,Cash
1c20b2d3823546cf7d29efccc4f2d806,2,1,95,36,2019-01-01T01:13:35Z,2019-01-01T01:35:44Z,1,1,1,Green,20.5,0.5,0.5,4.36,0.0,0.3,26.16,,Credit Card
1eb8d7bb03214581dc88968a790020c0,2,1,80,141,2019-01-01T18:02:37Z,2019-01-01T18:20:25Z,1,1,1,Green,18.0,0.0,0.5,1.0,0.0,0.3,19.8,,Credit Card
f6467d8d329c68cdba6722d33b339d36,2,5,42,42,2019-01-01T00:04:54Z,2019-01-01T00:04:57Z,3,2,1,Green,18.0,0.0,0.0,0.0,0.0,0.0,18.0,,Credit Card
fb631316cb294f64f6026c713852a781,2,1,75,169,2019-01-01T01:43:30Z,2019-01-01T02:02:24Z,2,1,2,Green,18.0,0.5,0.5,0.0,0.0,0.3,19.3,,Cash
9e058a7c0f0d610c60e614a1e5f16c25,2,1,181,7,2019-01-01T02:18:39Z,2019-01-01T02:46:12Z,1,1,1,Green,34.5,0.5,0.5,7.16,0.0,0.3,44.91,,Credit Card
b02220ef1c69d711e77847f663114f61,2,1,69,182,2019-01-01T19:02:00Z,2019-01-01T19:18:50Z,2,1,1,Green,15.5,0.0,0.5,0.0,0.0,0.3,16.3,,Credit Card
1209e935d70818a78594d08e8fc2ca95,2,1,54,89,2019-01-01T01:09:42Z,2019-01-01T01:28:23Z,1,1,1,Green,15.5,0.5,0.5,3.36,0.0,0.3,22.11,,Credit Card
41a60bf3a5c6eb809e3f039197fff8e1,2,1,49,43,2019-01-01T12:17:10Z,2019-01-01T12:46:30Z,2,1,2,Green,32.0,0.0,0.5,0.0,0.0,0.3,32.8,,Cash
1bbebe788923236403a09ed456022f9c,2,1,28,95,2019-01-01T14:41:01Z,2019-01-01T14:54:25Z,1,1,1,Green,13.0,0.0,0.5,0.0,0.0,0.3,13.8,,Credit Card
193f4418340e5a6da6ff1a89dcdf0a64,2,1,260,82,2019-01-01T07:34:37Z,2019-01-01T07:49:59Z,1,1,2,Green,13.0,0.0,0.5,0.0,0.0,0.3,13.8,,Cash
ee7f7bb2dd281eefbfbacc396e2a0ab3,1,1,116,243,2019-01-01T01:51:51Z,2019-01-01T02:03:48Z,1,1,2,Green,13.0,0.5,0.5,0.0,0.0,0.3,14.3,,Cash
036f6429dc6eef32f1b114d80452b377,2,1,152,119,2019-01-01T04:06:28Z,2019-01-01T04:22:18Z,5,1,2,Green,13.0,0.5,0.5,0.0,0.0,0.3,14.3,,Cash
735766c3ab8779ea455ea94aeb83105e,2,1,25,225,2019-01-01T22:09:02Z,2019-01-01T22:24:25Z,1,1,1,Green,13.0,0.5,0.5,2.86,0.0,0.3,17.16,,Credit Card
5dc468ebd9769f848680062bb1ddb404,2,1,42,263,2019-01-01T02:05:22Z,2019-01-01T02:18:03Z,1,1,1,Green,13.0,0.5,0.5,2.86,0.0,0.3,17.16,,Credit Card
b791f96842a3c8b570ec71eea15e0367,2,1,74,179,2019-01-01T20:38:04Z,2019-01-01T20:48:27Z,1,1,1,Green,13.0,0.5,0.5,4.01,5.76,0.3,24.07,,Credit Card
cedb4b7d9bce3b15cdccab072b38f3ff,2,1,189,133,2019-01-01T05:41:16Z,2019-01-01T05:53:27Z,1,1,1,Green,13.0,0.5,0.5,2.86,0.0,0.3,19.11,,Credit Card
6d86918561a238cd7209066bbdbdec6d,2,1,25,238,2019-01-01T03:46:24Z,2019-01-01T04:16:35Z,1,1,1,Green,29.5,0.5,0.5,7.7,0.0,0.3,38.5,,Credit Card
a13b27ba260872976a8b4df7a0fc47dd,2,1,28,146,2019-01-01T22:28:31Z,2019-01-01T22:49:46Z,1,1,1,Green,29.5,0.5,0.5,0.0,0.0,0.3,30.8,,Credit Card
e8e152a585929a92c38f81a8506aafa6,2,1,184,185,2019-01-01T15:32:41Z,2019-01-01T15:46:21Z,1,1,2,Green,10.5,0.0,0.5,0.0,0.0,0.3,11.3,,Cash
37bd14a898f90580f9ed1bea65418909,2,1,74,238,2019-01-01T10:05:31Z,2019-01-01T10:15:41Z,1,1,2,Green,10.5,0.0,0.5,0.0,0.0,0.3,11.3,,Cash
a6d4c742b5807a50f6b8a5b9a5955e56,1,1,74,263,2019-01-01T09:25:31Z,2019-01-01T09:35:17Z,1,1,1,Green,10.5,0.0,0.5,0.0,0.0,0.3,11.3,,Credit Card
922eb47074d25d3e4930022a6a696748,2,1,216,76,2019-01-01T18:39:05Z,2019-01-01T18:47:43Z,1,1,2,Green,10.5,0.0,0.5,0.0,0.0,0.3,11.3,,Cash
357f7aa80a054a9b06510e4b046e8adb,2,1,181,25,2019-01-01T22:16:52Z,2019-01-01T22:29:35Z,1,1,2,Green,10.5,0.5,0.5,0.0,0.0,0.3,11.8,,Cash
15d1f6dcf269f9dbee759f309b1ee8c1,2,1,97,17,2019-01-01T20:14:12Z,2019-01-01T20:28:27Z,1,1,1,Green,10.5,0.5,0.5,2.95,0.0,0.3,16.7,,Credit Card
ba51c065c8842acc3e9daba5a3629305,1,1,256,61,2019-01-01T05:09:39Z,2019-01-01T05:20:11Z,1,1,1,Green,10.5,0.5,0.5,2.35,0.0,0.3,14.15,,Credit Card
b90aed78e4efd609efd30cb0dea3d1bc,2,1,80,263,2019-01-01T06:49:10Z,2019-01-01T07:13:39Z,1,1,1,Green,27.0,0.0,0.5,5.56,0.0,0.3,33.36,,Credit Card
fdc58f6b1be7aeed9be8c35add59e904,2,1,7,15,2019-01-01T04:11:09Z,2019-01-01T04:31:21Z,1,1,2,Green,27.0,0.5,0.5,0.0,0.0,0.3,28.3,,Cash
8872c166207a50cfc3e3772fc157c763,1,1,41,249,2019-01-01T16:25:14Z,2019-01-01T16:53:58Z,1,1,1,Green,27.0,0.0,0.5,5.55,0.0,0.3,33.35,,Credit Card
f40b199f291536849f95dcd4b33c99c6,2,1,74,42,2019-01-01T15:54:45Z,2019-01-01T16:04:08Z,1,1,2,Green,8.0,0.0,0.5,0.0,0.0,0.3,8.8,,Cash
07bf23714c870add41bb934ac7b963f7,2,1,74,75,2019-01-01T16:21:50Z,2019-01-01T16:29:50Z,6,1,1,Green,8.0,1.0,0.5,3.0,0.0,0.3,12.8,,Credit Card
fa7a3fea7c9ee93f138545519f330b7c,2,1,75,237,2019-01-01T20:34:21Z,2019-01-01T20:42:02Z,1,1,1,Green,8.0,0.5,0.5,1.0,0.0,0.3,10.3,,Credit Card
51fc31eea3096c347b83087c34eb32a6,1,1,97,52,2019-01-01T11:10:34Z,2019-01-01T11:18:31Z,1,1,1,Green,8.0,0.0,0.5,2.2,0.0,0.3,11.0,,Credit Card
dc63c1c6694d6eabe273bc2fb5dc6c8e,2,1,95,121,2019-01-01T02:03:11Z,2019-01-01T02:10:54Z,5,1,2,Green,8.0,0.5,0.5,0.0,0.0,0.3,9.3,,Cash
b1d323c7f142b0c9ab9edc696a2e2aae,2,1,82,70,2019-01-01T02:58:51Z,2019-01-01T03:06:00Z,2,1,2,Green,8.0,0.5,0.5,0.0,0.0,0.3,9.3,,Cash
e238626ee3041e01c79be4e53e83b266,2,1,129,173,2019-01-01T22:02:56Z,2019-01-01T22:11:58Z,1,1,2,Green,8.0,0.5,0.5,0.0,0.0,0.3,9.3,,Cash
25902f8089a8a87f9fa71eb6474d612a,2,1,49,62,2019-01-01T00:37:51Z,2019-01-01T00:47:52Z,1,1,2,Green,8.0,0.5,0.5,0.0,0.0,0.3,9.3,,Cash
bc777d406624980ba193f1c6f7897b87,2,1,74,41,2019-01-01T13:26:36Z,2019-01-01T13:37:02Z,1,1,1,Green,8.0,0.0,0.5,1.76,0.0,0.3,10.56,,Credit Card
5cd8045f460abee4249ebba9c478fad1,2,1,74,236,2019-01-01T16:44:18Z,2019-01-01T16:51:58Z,1,1,1,Green,8.0,0.0,0.5,1.76,0.0,0.3,10.56,,Credit Card
3a2392fbdd7d0674c434620cceaa582d,2,1,97,61,2019-01-01T21:05:03Z,2019-01-01T21:13:57Z,1,1,1,Green,8.0,0.5,0.5,2.79,0.0,0.3,12.09,,Credit Card
91b74c4fc2afe72fede39105bbca7b5a,2,1,21,86,2019-01-01T12:47:54Z,2019-01-01T13:31:10Z,2,1,1,Green,62.5,0.0,0.5,0.0,0.0,0.3,63.3,,Credit Card
c9baf4fa92d0c11aafd3e1784bf60628,2,1,95,95,2019-01-01T19:48:44Z,2019-01-01T19:54:26Z,2,1,2,Green,5.5,1.0,0.5,0.0,0.0,0.3,7.3,,Cash
f9a04347b8b2902ca0664480cefd2a4c,2,1,129,129,2019-01-01T00:56:23Z,2019-01-01T01:02:13Z,1,1,1,Green,5.5,0.5,0.5,2.0,0.0,0.3,8.8,,Credit Card
5975bb43f6f06bf562b80386f7b6e328,2,1,129,129,2019-01-01T07:13:26Z,2019-01-01T07:18:30Z,2,1,2,Green,5.5,0.0,0.5,0.0,0.0,0.3,6.3,,Cash
5c8061cd6e6b42114d2edb1d06190ff1,2,1,42,74,2019-01-01T16:44:55Z,2019-01-01T16:50:36Z,1,1,2,Green,5.5,0.0,0.5,0.0,0.0,0.3,6.3,,Cash
860d83dedb7972291e9a6e8f608c7333,2,1,7,260,2019-01-01T15:46:09Z,2019-01-01T15:51:13Z,1,1,2,Green,5.5,0.0,0.5,0.0,0.0,0.3,6.3,,Cash
ab075703e745bd48cf94397bb550db51,2,1,42,41,2019-01-01T15:27:48Z,2019-01-01T15:32:33Z,1,1,2,Green,5.5,0.0,0.5,0.0,0.0,0.3,6.3,,Cash
156b9a00b8fc25bde087f25662c13c61,2,6,134,134,2019-01-01T01:17:22Z,2019-01-01T01:18:30Z,1,1,2,Green,5.5,0.0,0.5,0.0,0.0,0.3,6.3,,Cash
40bf5b415b0d2ce1c02ebc683270385b,2,1,75,263,2019-01-01T11:42:43Z,2019-01-01T11:46:40Z,1,1,2,Green,5.5,0.0,0.5,0.0,0.0,0.3,6.3,,Cash
6e374ebf2db7887907dd4180388daa2b,2,1,260,82,2019-01-01T08:10:40Z,2019-01-01T08:16:48Z,1,1,2,Green,5.5,0.0,0.5,0.0,0.0,0.3,6.3,,Cash
feb01138b584d7fe00ba1e0beeb85846,2,1,7,193,2019-01-01T21:43:01Z,2019-01-01T21:47:41Z,1,1,2,Green,5.5,0.5,0.5,0.0,0.0,0.3,6.8,,Cash
0331acd0208b13324ada316d284aff50,2,1,226,260,2019-01-01T02:36:23Z,2019-01-01T02:41:42Z,1,1,2,Green,5.5,0.5,0.5,0.0,0.0,0.3,6.8,,Cash
5393dc89b1423c420700f143d694602b,2,1,41,74,2019-01-01T21:06:24Z,2019-01-01T21:10:35Z,1,1,2,Green,5.5,0.5,0.5,0.0,0.0,0.3,6.8,,Cash
6ffea0df489b3eb1e0c19c9dc3982a82,2,1,129,129,2019-01-01T00:32:25Z,2019-01-01T00:37:46Z,1,1,2,Green,5.5,0.5,0.5,0.0,0.0,0.3,6.8,,Cash
77fd697b5d7381e7c792fd30080ec8a2,2,1,112,255,2019-01-01T05:36:37Z,2019-01-01T05:41:55Z,5,1,2,Green,5.5,0.5,0.5,0.0,0.0,0.3,6.8,,Cash
d7271264e466ee20c2097d5ea940099a,2,1,82,260,2019-01-01T18:12:35Z,2019-01-01T18:17:38Z,1,1,1,Green,5.5,0.0,0.5,2.0,0.0,0.3,8.3,,Credit Card
5a2f93bd828d5b8fc4479aed0569bd4a,2,1,66,68,2019-01-01T21:43:41Z,2019-01-01T22:09:07Z,1,1,1,Green,22.0,0.5,0.5,4.66,0.0,0.3,27.96,,Credit Card
0d0674bfe596a20627deeb2222d544c0,1,1,25,261,2019-01-01T03:02:13Z,2019-01-01T03:27:51Z,1,1,1,Green,22.0,0.5,0.5,4.65,0.0,0.3,27.95,,Credit Card
fbf53d3d41e414c63abf60ecc23680cd,2,1,7,7,2019-01-01T04:21:51Z,2019-01-01T04:23:03Z,1,1,2,Green,3.0,0.5,0.5,0.0,0.0,0.3,4.3,,Cash
3da8f82e619657eb8054b24107466329,2,1,131,49,2019-01-01T01:31:36Z,2019-01-01T01:59:43Z,1,1,1,Green,38.5,0.5,0.5,0.0,0.0,0.3,39.8,,Credit Card
3fbc5a150e76bd4522960c65e46e636e,2,1,37,7,2019-01-01T06:00:48Z,2019-01-01T06:18:00Z,1,1,1,Green,19.5,0.5,0.5,4.16,0.0,0.3,24.96,,Credit Card
7b544354f2583e65bebe71ced1df74f1,2,1,74,242,2019-01-01T15:00:19Z,2019-01-01T15:17:12Z,6,1,2,Green,19.5,0.0,0.5,0.0,0.0,0.3,20.3,,Cash
acb7b2bcf5d22a314dfb0d54756702f2,2,1,42,143,2019-01-01T01:01:56Z,2019-01-01T01:21:03Z,1,1,2,Green,19.5,0.5,0.5,0.0,0.0,0.3,20.8,,Cash
2e1b9e643e2edb0f837e16d9f16fd2a1,2,1,75,95,2019-01-01T06:47:05Z,2019-01-01T07:10:48Z,1,1,2,Green,36.0,0.0,0.5,0.0,8.5,0.3,45.3,,Cash
7c5648b22886b7b035475690e55a2100,2,1,166,170,2019-01-01T16:02:07Z,2019-01-01T16:21:57Z,6,1,2,Green,17.0,0.0,0.5,0.0,0.0,0.3,17.8,,Cash
8eaf4ae8bdebdfd1e9ee4134316bda58,1,1,74,127,2019-01-01T01:44:34Z,2019-01-01T01:58:05Z,1,1,1,Green,17.0,0.5,0.5,0.0,0.0,0.3,18.3,,Credit Card
9cf1be4ce689601a83da9a26fc48b654,2,1,37,97,2019-01-01T04:03:40Z,2019-01-01T04:26:01Z,1,1,1,Green,17.0,0.5,0.5,3.66,0.0,0.3,23.91,,Credit Card
20013b93cb9f84132e06c8bea871bddd,2,1,255,231,2019-01-01T11:50:10Z,2019-01-01T12:04:47Z,1,1,1,Green,14.5,0.0,0.5,3.5,0.0,0.3,18.8,,Credit Card
d5ac202d044941ca25e187c635bdc9ac,2,1,95,92,2019-01-01T18:23:35Z,2019-01-01T18:34:12Z,1,1,2,Green,14.5,0.0,0.5,0.0,0.0,0.3,15.3,,Cash
9510f16b1007988f6033a18eca296f0d,1,1,82,223,2019-01-01T06:13:08Z,2019-01-01T06:24:30Z,1,1,2,Green,14.5,0.0,0.5,0.0,0.0,0.3,15.3,,Cash
2c2745a2c372d132652938aed6e6eb0b,2,1,196,28,2019-01-01T15:22:15Z,2019-01-01T15:33:42Z,1,1,2,Green,14.5,0.0,0.5,0.0,0.0,0.3,15.3,,Cash
4deae4694f9cc4b89b751eaada85894d,2,1,66,255,2019-01-01T21:03:40Z,2019-01-01T21:17:39Z,1,1,2,Green,14.5,0.5,0.5,0.0,0.0,0.3,15.8,,Cash
f49fe1d96dc8b0e211de87272daf901c,2,1,80,148,2019-01-01T23:46:43Z,2019-01-01T23:57:21Z,1,1,2,Green,14.5,0.5,0.5,0.0,0.0,0.3,15.8,,Cash
b6a9532db0cd6e19375d26a1548e9f9b,2,1,65,189,2019-01-01T01:02:50Z,2019-01-01T01:16:30Z,2,1,2,Green,14.5,0.5,0.5,0.0,0.0,0.3,15.8,,Cash
abad60b93c7da527a88abc999277e515,2,1,260,198,2019-01-01T21:04:25Z,2019-01-01T21:23:20Z,1,1,2,Green,14.5,0.5,0.5,0.0,0.0,0.3,15.8,,Cash
af8634c4738f52d1c12d010d33b33d4d,2,1,225,55,2019-01-01T01:56:31Z,2019-01-01T02:41:48Z,1,1,1,Green,50.0,0.5,0.5,0.0,0.0,0.3,51.3,,Credit Card
041a856c24be5586e0021e5d0520fd40,2,1,260,179,2019-01-01T06:33:54Z,2019-01-01T06:45:11Z,1,1,1,Green,12.0,0.0,0.5,2.56,0.0,0.3,15.36,,Credit Card
82931e78e66ff1dbefe2aae68e6edbce,2,1,126,167,2019-01-01T17:34:09Z,2019-01-01T17:52:04Z,1,1,1,Green,12.0,1.0,0.5,0.0,0.0,0.3,13.8,,Credit Card
7dea47f5feab178bdee36aa1f539af0e,1,1,173,260,2019-01-01T17:27:01Z,2019-01-01T17:41:24Z,2,1,2,Green,12.0,0.0,0.5,0.0,0.0,0.3,12.8,,Cash
d673e1e3f1958efe0c9980a88bc10f64,1,1,210,21,2019-01-01T19:33:15Z,2019-01-01T19:44:47Z,1,1,2,Green,12.0,0.0,0.5,0.0,0.0,0.3,12.8,,Cash
7c2fa194fcd68e2f2b77fe843caf314f,2,1,42,75,2019-01-01T16:47:46Z,2019-01-01T17:01:34Z,1,1,2,Green,12.0,0.0,0.5,0.0,0.0,0.3,12.8,,Cash
5cbd41c9046807b8e9ff99bbe0178e2c,2,1,82,179,2019-01-01T23:42:52Z,2019-01-01T23:52:49Z,2,1,2,Green,12.0,0.5,0.5,0.0,0.0,0.3,13.3,,Cash
4102702b4df49e861f56d0152f9fe84b,2,1,255,80,2019-01-01T03:28:05Z,2019-01-01T03:44:12Z,5,1,1,Green,12.0,0.5,0.5,3.99,0.0,0.3,17.29,,Credit Card
8180e0053dee7f67e09c1949a270214c,2,1,116,231,2019-01-01T14:51:24Z,2019-01-01T15:16:07Z,1,1,2,Green,28.5,0.0,0.5,0.0,0.0,0.3,29.3,,Cash
5fbbb5d0206841433eff4d79192b3c4b,2,1,181,33,2019-01-01T10:40:40Z,2019-01-01T10:50:54Z,2,1,1,Green,9.5,0.0,0.5,2.58,0.0,0.3,12.88,,Credit Card
1f1e2b85f01bc613f7aeabf8c804dc1c,2,1,33,87,2019-01-01T16:43:19Z,2019-01-01T16:51:25Z,1,1,1,Green,9.5,0.0,0.5,2.58,0.0,0.3,12.88,,Credit Card
16da21e27ea2625961c14f09e078e3ec,2,1,82,260,2019-01-01T18:06:02Z,2019-01-01T18:18:36Z,1,1,2,Green,9.5,0.0,0.5,0.0,0.0,0.3,10.3,,Cash
7a0fd405b8c360e8b657f5d66745dd46,2,1,66,261,2019-01-01T15:58:34Z,2019-01-01T16:07:20Z,1,1,2,Green,9.5,0.0,0.5,0.0,0.0,0.3,10.3,,Cash
8bd6d166c59327588f7c73c51a66860c,2,1,146,7,2019-01-01T01:58:38Z,2019-01-01T02:08:35Z,1,1,1,Green,9.5,0.5,0.5,2.16,0.0,0.3,12.96,,Credit Card
bb7427d54676ca23b9c86583b26dbd85,2,1,83,7,2019-01-01T04:54:31Z,2019-01-01T05:06:48Z,1,1,2,Green,9.5,0.5,0.5,0.0,0.0,0.3,10.8,,Cash
39413678b848f467ded312400755e6ca,2,1,129,173,2019-01-01T20:10:49Z,2019-01-01T20:20:46Z,1,1,2,Green,9.5,0.5,0.5,0.0,0.0,0.3,10.8,,Cash
10ddbdbce59e06aaa2f892625c8df960,1,1,82,56,2019-01-01T21:22:27Z,2019-01-01T21:33:35Z,1,1,2,Green,9.5,0.5,0.5,0.0,0.0,0.3,10.8,,Cash
5043365aa27348c2baa48d5637278f71,2,5,181,181,2019-01-01T00:31:03Z,2019-01-01T00:31:06Z,1,2,1,Green,45.0,0.0,0.0,0.0,0.0,0.0,45.0,,Credit Card
7fe4a384f6330771b32fc661cf6ac457,1,1,196,237,2019-01-01T11:19:36Z,2019-01-01T11:41:08Z,1,1,2,Green,26.0,0.0,0.5,0.0,0.0,0.3,26.8,,Cash
af8053408c8c14ff158a80a375dc8354,2,1,80,48,2019-01-01T02:43:07Z,2019-01-01T03:15:36Z,1,1,1,Green,26.0,0.5,0.5,5.46,0.0,0.3,32.76,,Credit Card
2fb6f9351decfb493673b4a4f61acaf4,2,1,41,213,2019-01-01T02:28:54Z,2019-01-01T02:50:53Z,1,1,2,Green,26.0,0.5,0.5,0.0,0.0,0.3,27.3,,Cash
ec7466389dc411cf4fde665970d254d0,2,1,7,226,2019-01-01T19:55:13Z,2019-01-01T20:02:04Z,4,1,1,Green,7.0,0.0,0.5,2.34,0.0,0.3,10.14,,Credit Card
bada2019be7fb69f1b9f8007f2ae1b6f,2,1,41,151,2019-01-01T04:37:57Z,2019-01-01T04:44:37Z,1,1,1,Green,7.0,0.5,0.5,1.66,0.0,0.3,9.96,,Credit Card
674adada7a8eabced828380adde240c6,2,1,74,247,2019-01-01T15:00:30Z,2019-01-01T15:07:07Z,6,1,2,Green,7.0,0.0,0.5,0.0,0.0,0.3,7.8,,Cash
11b1bf945b9acd58b081458a4f0dceba,2,1,75,237,2019-01-01T15:24:20Z,2019-01-01T15:30:17Z,1,1,2,Green,7.0,0.0,0.5,0.0,0.0,0.3,7.8,,Cash
47f7ee58be5d90c4e831b5ae08ee7f8f,2,1,97,97,2019-01-01T12:59:09Z,2019-01-01T13:08:20Z,1,1,2,Green,7.0,0.0,0.5,0.0,0.0,0.3,7.8,,Cash
af0c67e482e5bd9400c10ddf868624ca,2,1,159,168,2019-01-01T17:36:00Z,2019-01-01T17:45:26Z,1,1,1,Green,7.0,0.0,0.5,0.0,0.0,0.3,7.8,,Credit Card
ce012a0beb3f65a9ad2e1bc1dd064c2f,2,1,247,47,2019-01-01T22:16:14Z,2019-01-01T22:23:45Z,1,1,2,Green,7.0,0.5,0.5,0.0,0.0,0.3,8.3,,Cash
ab9ed3eaaf54701993d902e237d1edb6,2,1,41,74,2019-01-01T01:56:45Z,2019-01-01T02:02:54Z,1,1,2,Green,7.0,0.5,0.5,0.0,0.0,0.3,8.3,,Cash
60654220216fdb5df7fb1485a65a5cd8,1,1,244,119,2019-01-01T02:16:37Z,2019-01-01T02:24:00Z,1,1,2,Green,7.0,0.5,0.5,0.0,0.0,0.3,8.3,,Cash
a05979a2e332d76aa49101908118d6d2,1,1,49,25,2019-01-01T01:59:38Z,2019-01-01T02:07:38Z,1,1,1,Green,7.0,0.5,0.5,1.25,0.0,0.3,9.55,,Credit Card
3fa995d43c8c0058cd1d160b99db1b6c,2,1,55,49,2019-01-01T01:56:38Z,2019-01-01T02:25:04Z,1,1,1,Green,42.5,0.5,0.5,8.76,0.0,0.3,52.56,,Credit Card
88df3d8e298b545648685e547e941cac,2,1,33,146,2019-01-01T02:36:12Z,2019-01-01T02:57:54Z,1,1,1,Green,23.5,0.5,0.5,4.96,0.0,0.3,29.76,,Credit Card
e2256af9ea8d6ab57aec3f5002c0fd52,2,1,223,90,2019-01-01T05:12:56Z,2019-01-01T05:39:07Z,1,1,2,Green,23.5,0.5,0.5,0.0,0.0,0.3,24.8,,Cash
c2091a95b14fd68812a589ae0dfdefe9,2,1,181,246,2019-01-01T02:50:08Z,2019-01-01T03:10:53Z,1,1,1,Green,23.5,0.5,0.5,4.0,5.76,0.3,37.31,,Credit Card
44ae8bd7da78c705b771207625ccfc30,2,1,7,179,2019-01-01T02:37:45Z,2019-01-01T02:40:51Z,1,1,1,Green,4.5,0.5,0.5,1.16,0.0,0.3,6.96,,Credit Card
ad80fe5e622f52011dc4f55b22b4b73b,2,1,255,256,2019-01-01T02:10:21Z,2019-01-01T02:14:43Z,1,1,1,Green,4.5,0.5,0.5,1.16,0.0,0.3,6.96,,Credit Card
55851c331ce3a8fe9efa2b7da82e07f4,2,1,181,189,2019-01-01T16:18:30Z,2019-01-01T16:22:10Z,1,1,2,Green,4.5,0.0,0.5,0.0,0.0,0.3,5.3,,Cash
2643ba59dc3bb3a5ebf37528807094c3,2,1,43,236,2019-01-01T12:00:39Z,2019-01-01T12:03:09Z,6,1,1,Green,4.5,0.0,0.5,1.5,0.0,0.3,6.8,,Credit Card
501e45813aadbc5762d039fa98c6d32e,2,1,33,33,2019-01-01T14:32:35Z,2019-01-01T14:37:48Z,1,1,1,Green,4.5,0.0,0.5,3.0,0.0,0.3,8.3,,Credit Card
1e650a4d9c6db828d2a829377c0f149d,2,1,196,95,2019-01-01T01:49:59Z,2019-01-01T01:52:57Z,1,1,2,Green,4.5,0.5,0.5,0.0,0.0,0.3,5.8,,Cash
022db520e0d2237f639d0e454a74f774,2,1,83,129,2019-01-01T01:34:45Z,2019-01-01T01:38:31Z,1,1,2,Green,4.5,0.5,0.5,0.0,0.0,0.3,5.8,,Cash
a56fb0b66807a6fe08cb07dee68a7cdd,2,5,255,255,2019-01-01T06:39:54Z,2019-01-01T06:40:41Z,1,2,1,Green,40.0,0.0,0.0,12.0,0.0,0.0,52.0,,Credit Card
ed6bab4a461f60f0cf869d4f8751a4c7,1,1,223,198,2019-01-01T00:47:04Z,2019-01-01T01:06:21Z,2,1,1,Green,21.0,0.5,0.5,0.0,0.0,0.3,22.3,,Credit Card
2e1fd4c73789be390e626952722580db,2,1,7,161,2019-01-01T05:02:23Z,2019-01-01T05:23:22Z,1,1,2,Green,18.5,0.5,0.5,0.0,0.0,0.3,19.8,,Cash
89fedddc50695507cc77f6db18c3d9ca,2,1,74,142,2019-01-01T17:21:59Z,2019-01-01T17:47:17Z,1,1,1,Green,18.5,0.0,0.5,3.86,0.0,0.3,23.16,,Credit Card
5ea52d3774b77ad0b31fa20526353999,2,1,33,233,2019-01-01T13:26:00Z,2019-01-01T13:37:14Z,1,1,1,Green,18.5,0.0,0.5,3.86,0.0,0.3,23.16,,Credit Card
c99f7d068f0185d3596f287f019b53ab,2,1,72,180,2019-01-01T18:19:41Z,2019-01-01T18:42:34Z,1,1,1,Green,18.5,0.0,0.5,0.0,0.0,0.3,19.3,,Credit Card
1f3f97b046f26f515c8f6657db2ec7eb,1,1,7,82,2019-01-01T17:05:32Z,2019-01-01T17:28:57Z,1,1,2,Green,18.5,0.0,0.5,0.0,0.0,0.3,19.3,,Cash
1a2225bde2145992971c816f7674f2a6,2,1,75,224,2019-01-01T19:42:19Z,2019-01-01T19:58:14Z,1,1,2,Green,18.5,0.0,0.5,0.0,0.0,0.3,19.3,,Cash
7654e208f1129e67989705da5fd904c5,2,1,145,49,2019-01-01T04:42:58Z,2019-01-01T04:56:37Z,1,1,1,Green,16.0,0.5,0.5,4.32,0.0,0.3,21.62,,Credit Card
e25af27239983ae2b52204ba7842d53a,2,1,42,212,2019-01-01T02:31:01Z,2019-01-01T02:45:02Z,1,1,2,Green,16.0,0.5,0.5,0.0,0.0,0.3,17.3,,Cash
b47f6aafa9864a44179eaec8e8e06461,2,1,74,244,2019-01-01T13:57:51Z,2019-01-01T14:12:56Z,1,1,1,Green,16.0,0.0,0.5,3.36,0.0,0.3,20.16,,Credit Card
4a2fcf87aed78361d53c2850e7a7475c,2,1,255,7,2019-01-01T05:52:09Z,2019-01-01T06:10:06Z,1,1,1,Green,16.0,0.5,0.5,3.46,0.0,0.3,20.76,,Credit Card
b94556b09e090a0134f7803bbcfdf252,2,1,62,77,2019-01-01T13:22:12Z,2019-01-01T13:42:09Z,1,1,1,Green,16.0,0.0,0.5,0.0,0.0,0.3,16.8,,Credit Card
3956f23f683dc0b1c062fcc5c7b810df,2,1,244,75,2019-01-01T14:09:32Z,2019-01-01T14:19:25Z,1,1,2,Green,16.0,0.0,0.5,0.0,0.0,0.3,16.8,,Cash
87236255bfd355c91d465dffffbcbf22,2,1,42,141,2019-01-01T13:28:39Z,2019-01-01T13:42:53Z,1,1,1,Green,16.0,0.0,0.5,0.0,0.0,0.3,16.8,,Credit Card
060c07cf243990066ad03a8fc4dd60ee,1,1,41,127,2019-01-01T03:26:16Z,2019-01-01T03:40:24Z,1,1,1,Green,16.0,0.5,0.5,3.45,0.0,0.3,20.75,,Credit Card
d3b14ca3c07bdd2ffdeefeb9742113e7,2,1,129,129,2019-01-01T08:31:33Z,2019-01-01T08:32:38Z,1,1,3,Green,-3.0,0.0,-0.5,0.0,0.0,-0.3,-3.8,,No Charge
1570bd905221fa182ca1920ad26203c6,2,1,7,177,2019-01-01T15:00:29Z,2019-01-01T15:44:13Z,6,1,2,Green,32.5,0.0,0.5,0.0,0.0,0.3,33.3,,Cash
c00c658c8a747d9914ecf29d8846216c,1,1,36,256,2019-01-01T01:47:22Z,2019-01-01T02:05:21Z,1,1,2,Green,13.5,0.5,0.5,0.0,0.0,0.3,14.8,,Cash
e3e84911884b609c7c1bece9ec69adf9,2,1,177,188,2019-01-01T09:16:41Z,2019-01-01T09:32:44Z,1,1,2,Green,13.5,0.0,0.5,0.0,0.0,0.3,14.3,,Cash
b5ebd7a936f43d4a8027dc796f49289d,2,1,82,138,2019-01-01T15:43:25Z,2019-01-01T15:54:43Z,1,1,2,Green,13.5,0.0,0.5,0.0,0.0,0.3,14.3,,Cash
d718a4bb2e21858678b626529379cdd6,2,1,226,223,2019-01-01T11:41:55Z,2019-01-01T11:58:23Z,1,1,2,Green,13.5,0.0,0.5,0.0,0.0,0.3,14.3,,Cash
cf5022874a34bdfe3899e722a053ab24,2,5,129,173,2019-01-01T04:41:39Z,2019-01-01T04:55:10Z,3,2,2,Green,30.0,0.0,0.0,0.0,0.0,0.0,30.0,,Cash
83bf1a5ffdc510ce12879540d2dd2688,2,1,41,42,2019-01-01T04:25:52Z,2019-01-01T04:39:21Z,1,1,2,Green,11.0,0.5,0.5,0.0,0.0,0.3,12.3,,Cash
71545633bb9118cbcc95a44cd0895a80,2,1,7,260,2019-01-01T01:12:47Z,2019-01-01T01:22:52Z,2,1,2,Green,11.0,0.5,0.5,0.0,0.0,0.3,12.3,,Cash
10f91f03cdd17815624569407583ff2d,2,1,82,173,2019-01-01T18:03:32Z,2019-01-01T18:18:13Z,1,1,1,Green,11.0,0.0,0.5,2.36,0.0,0.3,14.16,,Credit Card
6710d2788d6753ca7786d78a0f20eb07,2,1,74,263,2019-01-01T21:33:11Z,2019-01-01T21:44:43Z,1,1,1,Green,11.0,0.5,0.5,2.0,0.0,0.3,14.3,,Credit Card
5920466f99841f29eef87d8153a1a27c,1,1,166,42,2019-01-01T17:23:45Z,2019-01-01T17:36:22Z,1,1,2,Green,11.0,0.0,0.5,0.0,0.0,0.3,11.8,,Cash
0a81ec3e5bccf8a641bdd39df47e33e4,2,1,75,42,2019-01-01T13:47:34Z,2019-01-01T13:57:24Z,1,1,2,Green,11.0,0.0,0.5,0.0,0.0,0.3,11.8,,Cash
0979fd9d93527943ebf6565a2831cddb,2,5,36,36,2019-01-01T03:12:19Z,2019-01-01T03:14:37Z,1,2,1,Green,11.0,0.0,0.0,1.5,0.0,0.0,12.5,,Credit Card
82e87ffdcda7fc2e1531cc96d71f94c9,2,1,80,48,2019-01-01T06:11:33Z,2019-01-01T06:37:06Z,1,1,1,Green,27.5,0.0,0.5,4.24,0.0,0.3,32.54,,Credit Card
9203effca432042b341dfc6c2ce80e73,2,1,82,260,2019-01-01T19:44:30Z,2019-01-01T19:53:20Z,1,1,1,Green,8.5,0.0,0.5,1.86,0.0,0.3,11.16,,Credit Card
8ee5f25dc1ed24a1f34885f03e9d79e0,2,1,33,228,2019-01-01T11:29:13Z,2019-01-01T11:37:05Z,1,1,1,Green,8.5,0.0,0.5,1.86,0.0,0.3,11.16,,Credit Card
cfffa2d84822d828cd4b4d39f171267a,2,1,82,56,2019-01-01T04:11:06Z,2019-01-01T04:21:26Z,1,1,2,Green,8.5,0.5,0.5,0.0,0.0,0.3,9.8,,Cash
30743112907ad0d895d86939b5e1cd76,2,1,146,223,2019-01-01T02:14:34Z,2019-01-01T02:26:33Z,1,1,2,Green,8.5,0.5,0.5,0.0,0.0,0.3,9.8,,Cash
e64531b70723c99b8b553bb30a080898,2,1,116,41,2019-01-01T00:39:43Z,2019-01-01T00:48:59Z,1,1,1,Green,8.5,0.5,0.5,1.96,0.0,0.3,11.76,,Credit Card
a2ff8d8bc9d9a313952d4bd35e91f940,2,1,97,225,2019-01-01T18:52:07Z,2019-01-01T19:01:45Z,1,1,2,Green,8.5,0.0,0.5,0.0,0.0,0.3,9.3,,Cash
a017c2a0acac2bc856ea381fa36b09e2,2,1,116,41,2019-01-01T19:18:00Z,2019-01-01T19:26:12Z,1,1,2,Green,8.5,0.0,0.5,0.0,0.0,0.3,9.3,,Cash
81b07fb5dcf5bf52db123d5d84ad531d,2,1,82,56,2019-01-01T17:22:01Z,2019-01-01T17:32:38Z,1,1,2,Green,8.5,0.0,0.5,0.0,0.0,0.3,9.3,,Cash
b79da53b34f7ec667a6fa8e40c3d9165,1,1,223,7,2019-01-01T03:28:35Z,2019-01-01T03:37:53Z,1,1,1,Green,8.5,0.5,0.5,1.95,0.0,0.3,11.75,,Credit Card
3371dba2557c99673d9e091b6503f4d4,2,5,173,173,2019-01-01T01:48:22Z,2019-01-01T01:48:24Z,1,2,1,Green,25.0,0.0,0.0,5.0,0.0,0.0,30.0,,Credit Card
08ec904e79c402b44c2f1525e47c67c1,2,1,80,129,2019-01-01T12:16:13Z,2019-01-01T12:37:53Z,1,1,1,Green,25.0,0.0,0.5,0.0,0.0,0.3,25.8,,Credit Card
ad6ef868a58657a2427889dac530efe9,2,1,7,7,2019-01-01T23:48:33Z,2019-01-01T23:54:16Z,1,1,2,Green,6.0,0.5,0.5,0.0,0.0,0.3,7.3,,Cash
4c4c74ed9a78ed32027b9097d0e2e36e,2,1,33,65,2019-01-01T22:53:08Z,2019-01-01T22:59:07Z,1,1,2,Green,6.0,0.5,0.5,0.0,0.0,0.3,7.3,,Cash
238979539311e76e06dac8d43273b1ba,2,1,82,129,2019-01-01T01:26:10Z,2019-01-01T01:32:29Z,1,1,2,Green,6.0,0.5,0.5,0.0,0.0,0.3,7.3,,Cash
48236d62e56a150019adecc4b8357957,2,1,260,83,2019-01-01T20:52:02Z,2019-01-01T20:58:05Z,2,1,2,Green,6.0,0.5,0.5,0.0,0.0,0.3,7.3,,Cash
a69d0bc5b3b0bfdc833f88a66bacc792,2,1,75,263,2019-01-01T18:20:21Z,2019-01-01T18:26:25Z,1,1,1,Green,6.0,0.0,0.5,1.36,0.0,0.3,8.16,,Credit Card
a5cdf37340b1f0da04001ec8d8dd4006,2,1,179,223,2019-01-01T17:15:14Z,2019-01-01T17:20:44Z,5,1,1,Green,6.0,0.0,0.5,1.36,0.0,0.3,8.16,,Credit Card
9825a0440c14851e541ce9ad88bb019d,2,1,41,166,2019-01-01T15:23:45Z,2019-01-01T15:28:54Z,6,1,1,Green,6.0,0.0,0.5,1.02,0.0,0.3,7.82,,Credit Card
f72c148af453fabde192dcaf9de93efe,1,1,260,7,2019-01-01T17:48:21Z,2019-01-01T17:53:49Z,1,1,2,Green,6.0,0.0,0.5,0.0,0.0,0.3,6.8,,Cash
ba4d7da74efe1b578c81d4b19428080d,2,1,41,166,2019-01-01T14:45:14Z,2019-01-01T14:51:03Z,1,1,2,Green,6.0,0.0,0.5,0.0,0.0,0.3,6.8,,Cash
96fa98fdea148700b8f8c4a04e351984,2,1,135,135,2019-01-01T10:15:29Z,2019-01-01T10:20:23Z,1,1,1,Green,6.0,0.0,0.5,0.0,0.0,0.3,6.8,,Credit Card
20b1bae9da29d8469f5b5d7efd4e8cd7,2,1,82,83,2019-01-01T22:38:37Z,2019-01-01T22:44:28Z,1,1,1,Green,6.0,0.5,0.5,2.7,0.0,0.3,10.0,,Credit Card
7542f34a39da3eb5fdfa54641b66ba0e,2,1,7,7,2019-01-01T01:10:51Z,2019-01-01T01:16:54Z,1,1,1,Green,6.0,0.5,0.5,1.46,0.0,0.3,8.76,,Credit Card
895b31aceeaf92964ae91524833dc8ed,1,1,74,75,2019-01-01T13:06:12Z,2019-01-01T13:10:29Z,1,1,1,Green,6.0,0.0,0.5,1.35,0.0,0.3,8.15,,Credit Card
b7ebf8c963a23a4272a8334817c9a0dc,1,1,65,49,2019-01-01T13:26:29Z,2019-01-01T13:32:37Z,1,1,1,Green,6.0,0.0,0.5,1.35,0.0,0.3,8.15,,Credit Card
94b03040c8063d9c231ea5dec2e8f3b4,2,1,244,48,2019-01-01T08:42:06Z,2019-01-01T08:55:33Z,1,1,2,Green,22.5,0.0,0.5,0.0,0.0,0.3,23.3,,Cash
e8cc6e34fbd33f72f3499d0cb00c0c13,2,1,36,107,2019-01-01T06:16:58Z,2019-01-01T06:40:05Z,1,1,2,Green,22.5,0.0,0.5,0.0,0.0,0.3,23.3,,Cash
543a5519a829d8628a4c4eb384a1c81c,2,1,82,10,2019-01-01T18:50:12Z,2019-01-01T19:09:05Z,1,1,1,Green,22.5,0.0,0.5,5.82,0.0,0.3,29.12,,Credit Card
8aa8268890d1cd8354c4194346c20450,2,1,80,255,2019-01-01T03:30:57Z,2019-01-01T03:32:27Z,2,1,1,Green,3.5,0.5,0.5,1.2,0.0,0.3,6.0,,Credit Card
cd3581e75c30fdc2c7bb92527d864279,2,1,75,74,2019-01-01T13:40:59Z,2019-01-01T13:42:11Z,1,1,2,Green,3.5,0.0,0.5,0.0,0.0,0.3,4.3,,Cash
e94a798bbf02c67eb6b08ab17819afbf,1,1,129,82,2019-01-01T06:33:53Z,2019-01-01T06:36:23Z,2,1,2,Green,3.5,0.0,0.5,0.0,0.0,0.3,4.3,,Cash
b07b75270209cad7a0c7da55508e9e8c,2,1,165,55,2019-01-01T21:34:21Z,2019-01-01T21:55:05Z,1,1,1,Green,20.0,0.5,0.5,0.0,0.0,0.3,21.3,,Credit Card
ed566ef58ab073a6b5e12f8ce9bd47a9,2,5,82,82,2019-01-01T05:30:04Z,2019-01-01T05:31:39Z,1,2,1,Green,20.0,0.0,0.0,0.88,0.0,0.0,20.88,,Credit Card
f4559627395f1e51c92811e36689e84b,1,1,129,258,2019-01-01T06:14:56Z,2019-01-01T06:39:37Z,1,1,1,Green,20.0,0.0,0.5,5.2,0.0,0.3,26.0,,Credit Card
b81db24a8d0d69af1c98ad9065574794,2,5,91,61,2019-01-01T01:24:06Z,2019-01-01T01:47:16Z,5,2,2,Green,20.0,0.0,0.0,0.0,0.0,0.0,20.0,,Cash
aae4501f8a44d75695dfbb235512eba3,2,5,20,3,2019-01-01T18:09:40Z,2019-01-01T18:46:22Z,4,2,2,Green,20.0,0.0,0.0,0.0,0.0,0.0,20.0,,Cash
218233374bfa80434569d539a1df5aa9,2,1,223,235,2019-01-01T00:16:10Z,2019-01-01T00:27:11Z,2,1,2,Green,20.0,0.5,0.5,0.0,5.76,0.3,27.06,,Cash
b0da009ad3fd425844cca43696565865,2,1,225,139,2019-01-01T02:59:52Z,2019-01-01T03:34:48Z,1,1,1,Green,36.5,0.5,0.5,0.0,0.0,0.3,37.8,,Credit Card
0370fd6a69e4e5f0cafedd81617cb2c8,2,1,25,228,2019-01-01T20:53:51Z,2019-01-01T21:15:06Z,2,1,2,Green,17.5,0.5,0.5,0.0,0.0,0.3,18.8,,Cash
ae5872a8900f36f62808f6e230719c5e,1,1,33,225,2019-01-01T00:06:45Z,2019-01-01T00:31:45Z,1,1,2,Green,17.5,0.5,0.5,0.0,0.0,0.3,18.8,,Cash
492bd9b18b89906e43e745a450ad2ebd,2,1,256,186,2019-01-01T04:25:26Z,2019-01-01T04:45:23Z,1,1,1,Green,17.5,0.5,0.5,3.76,0.0,0.3,22.56,,Credit Card
3e8313bb2538a08a9d323cbc7ace1bb9,2,1,255,37,2019-01-01T04:53:15Z,2019-01-01T05:14:44Z,1,1,1,Green,17.5,0.5,0.5,2.2,0.0,0.3,21.0,,Credit Card
0016854f2c35eacfc45f6625fae5000c,2,1,244,263,2019-01-01T10:59:52Z,2019-01-01T11:12:55Z,1,1,1,Green,17.5,0.0,0.5,1.0,0.0,0.3,19.3,,Credit Card
dd2d1087ad8100ea9d3f7910ccca1c26,2,1,42,248,2019-01-01T18:00:06Z,2019-01-01T18:15:31Z,2,1,2,Green,17.5,0.0,0.5,0.0,0.0,0.3,18.3,,Cash
cdbd3a2d6897f1999e6cfa0f6aa9b491,1,1,119,127,2019-01-01T01:05:18Z,2019-01-01T01:20:43Z,1,1,2,Green,15.0,0.5,0.5,0.0,0.0,0.3,16.3,,Cash
4ba1df1e2f6b850d307a1fce8222e7a8,2,1,260,173,2019-01-01T02:09:57Z,2019-01-01T02:32:22Z,1,1,2,Green,15.0,0.5,0.5,0.0,0.0,0.3,16.3,,Cash
6708dc526b4cc45bed1ba8da87e179b3,2,1,80,83,2019-01-01T14:38:25Z,2019-01-01T14:50:12Z,1,1,1,Green,15.0,0.0,0.5,1.0,0.0,0.3,16.8,,Credit Card
16be202730a810b215ad5f3f9921d5be,2,1,223,157,2019-01-01T10:23:09Z,2019-01-01T10:35:52Z,1,1,2,Green,15.0,0.0,0.5,0.0,0.0,0.3,15.8,,Cash
817ddca13c1bd8c851433ec99edcaa9c,2,1,235,75,2019-01-01T11:19:01Z,2019-01-01T11:29:35Z,1,1,2,Green,15.0,0.0,0.5,0.0,0.0,0.3,15.8,,Cash
a0fff0f8e9cdeafc426a811450b70532,1,1,28,95,2019-01-01T15:33:35Z,2019-01-01T15:51:18Z,1,1,1,Green,15.0,0.0,0.5,0.0,0.0,0.3,15.8,,Credit Card
1151671039c56983f1973e893df17455,2,5,71,216,2019-01-01T12:29:33Z,2019-01-01T13:07:30Z,1,2,1,Green,23.08,0.0,0.5,0.0,0.0,0.0,23.58,,Credit Card
27c6c18c0d55477c93f42729fb4f9ff3,2,1,129,129,2019-01-01T20:48:24Z,2019-01-01T21:04:48Z,4,1,2,Green,12.5,0.5,0.5,0.0,0.0,0.3,13.8,,Cash
43797901e5d9b04a53c15d47ce119a36,2,1,74,151,2019-01-01T21:24:35Z,2019-01-01T21:38:41Z,1,1,2,Green,12.5,0.5,0.5,0.0,0.0,0.3,13.8,,Cash
f0b18075a68a6500006d03f37a2f1008,2,1,112,148,2019-01-01T00:46:36Z,2019-01-01T00:57:32Z,1,1,1,Green,12.5,0.5,0.5,1.2,0.0,0.3,15.0,,Credit Card
273c2f782cf2542cf4db33ca8ca8e175,2,1,66,261,2019-01-01T15:58:02Z,2019-01-01T16:09:00Z,1,1,2,Green,12.5,0.0,0.5,0.0,0.0,0.3,13.3,,Cash
5e1103f0df23205bbbd44e095c36811d,1,1,21,210,2019-01-01T19:47:41Z,2019-01-01T20:01:38Z,1,1,2,Green,12.5,0.0,0.5,0.0,0.0,0.3,13.3,,Cash
c7e3c15fd620b38028edd93f42519c8f,2,1,226,162,2019-01-01T06:41:04Z,2019-01-01T06:51:34Z,2,1,2,Green,12.5,0.0,0.5,0.0,0.0,0.3,13.3,,Cash
32a81a6e823316067d6f0d917210ac9d,2,1,244,41,2019-01-01T21:52:42Z,2019-01-01T22:07:57Z,1,1,1,Green,12.5,0.5,0.5,3.45,0.0,0.3,17.25,,Credit Card
b030470dee16cf67f4b2e7cbf550d06f,2,1,25,195,2019-01-01T01:11:24Z,2019-01-01T01:23:24Z,1,1,1,Green,10.0,0.5,0.5,2.26,0.0,0.3,13.56,,Credit Card
fc62c932bc64b3e594062db870c48170,2,1,129,223,2019-01-01T02:04:56Z,2019-01-01T02:15:04Z,1,1,1,Green,10.0,0.5,0.5,2.26,0.0,0.3,13.56,,Credit Card
d04d7f92de3834d4d700dcbdce46ea85,2,1,129,7,2019-01-01T04:45:46Z,2019-01-01T04:58:01Z,1,1,2,Green,10.0,0.5,0.5,0.0,0.0,0.3,11.3,,Cash
a43389535cab8f17ef7d1c9c94b94bc1,2,1,70,173,2019-01-01T00:10:10Z,2019-01-01T00:23:16Z,1,1,2,Green,10.0,0.5,0.5,0.0,0.0,0.3,11.3,,Cash
39731dc017339d178ab350aef0777c9d,2,1,129,226,2019-01-01T05:27:11Z,2019-01-01T05:37:14Z,1,1,2,Green,10.0,0.5,0.5,0.0,0.0,0.3,11.3,,Cash
f7dc461bda4694e2b06b917734a11ec3,1,1,21,210,2019-01-01T01:33:22Z,2019-01-01T01:43:30Z,1,1,2,Green,10.0,0.5,0.5,0.0,0.0,0.3,11.3,,Cash
bf33bbf2dcf2dc56e04ff19880546314,2,1,74,238,2019-01-01T15:07:26Z,2019-01-01T15:18:05Z,1,1,1,Green,10.0,0.0,0.5,2.7,0.0,0.3,13.5,,Credit Card
3b175e9f2d24624d6e3dc9a9f3e8e725,2,1,74,236,2019-01-01T12:07:35Z,2019-01-01T12:17:33Z,1,1,1,Green,10.0,0.0,0.5,2.7,0.0,0.3,13.5,,Credit Card
136604e812c7f8bdc0ba685cf5eecdbc,2,1,260,138,2019-01-01T10:17:34Z,2019-01-01T10:22:52Z,1,1,1,Green,10.0,0.0,0.5,2.16,0.0,0.3,12.96,,Credit Card
d340e305c598067d1911f97fb77ff86e,2,1,82,129,2019-01-01T19:08:41Z,2019-01-01T19:21:15Z,1,1,2,Green,10.0,0.0,0.5,0.0,0.0,0.3,10.8,,Cash
9148dad5a468601d6f6abc6103195d45,2,1,97,181,2019-01-01T16:20:06Z,2019-01-01T16:31:38Z,1,1,2,Green,10.0,0.0,0.5,0.0,0.0,0.3,10.8,,Cash
c75320cfa07838ac4aed88bc324746d1,2,5,228,228,2019-01-01T02:09:23Z,2019-01-01T02:11:24Z,1,2,1,Green,100.0,0.0,0.0,25.0,0.0,0.0,125.0,,Credit Card
f8ffbd03131e64d7414c934e315ae725,2,5,150,135,2019-01-01T18:29:12Z,2019-01-01T18:58:07Z,1,2,1,Green,46.98,0.0,0.5,0.0,0.0,0.0,47.48,,Credit Card
ede35b77e7e02c3b2699d0d5422ef158,2,1,76,218,2019-01-01T01:53:22Z,2019-01-01T02:12:58Z,1,1,1,Green,26.5,0.5,0.5,0.0,0.0,0.3,27.8,,Credit Card
141800cbceecf6099e0abcc77ae7103c,2,1,75,74,2019-01-01T11:47:44Z,2019-01-01T11:53:56Z,1,1,1,Green,7.5,0.0,0.5,2.08,0.0,0.3,10.38,,Credit Card
8f76a645446e63374b16f6ce78c33ab5,2,1,7,223,2019-01-01T00:42:12Z,2019-01-01T00:50:27Z,1,1,2,Green,7.5,0.5,0.5,0.0,0.0,0.3,8.8,,Cash
b3040850c4e5a39dc8b1f9052e15498f,2,1,177,72,2019-01-01T22:13:01Z,2019-01-01T22:20:40Z,1,1,2,Green,7.5,0.5,0.5,0.0,0.0,0.3,8.8,,Cash
996ee92304ef46627a67ede2e178037a,2,1,42,74,2019-01-01T04:28:25Z,2019-01-01T04:35:52Z,1,1,2,Green,7.5,0.5,0.5,0.0,0.0,0.3,8.8,,Cash
14a51697d8df74d204fd4325b8571720,2,1,223,179,2019-01-01T02:21:20Z,2019-01-01T02:28:36Z,1,1,1,Green,7.5,0.5,0.5,1.76,0.0,0.3,10.56,,Credit Card
c7468e2389574783f0992c4f349b5d3e,2,1,116,74,2019-01-01T10:06:29Z,2019-01-01T10:11:09Z,1,1,2,Green,7.5,0.0,0.5,0.0,0.0,0.3,8.3,,Cash
b50eb418bedf73095b546a9f8f0c767c,2,1,112,80,2019-01-01T18:31:47Z,2019-01-01T18:40:15Z,1,1,2,Green,7.5,0.0,0.5,0.0,0.0,0.3,8.3,,Cash
51418b9e027450e0b519e50c6d9e4990,2,1,7,193,2019-01-01T08:07:16Z,2019-01-01T08:13:43Z,1,1,2,Green,7.5,0.0,0.5,0.0,0.0,0.3,8.3,,Cash
8c91f229ed6028398aaa49e0e8c51526,2,1,49,65,2019-01-01T06:44:08Z,2019-01-01T06:52:53Z,1,1,1,Green,7.5,0.0,0.5,0.0,0.0,0.3,8.3,,Credit Card
75adb43346440467d1a57bda1c7bd168,1,1,66,52,2019-01-01T00:10:07Z,2019-01-01T00:18:53Z,1,1,1,Green,7.5,0.5,0.5,1.75,0.0,0.3,10.55,,Credit Card
4eac33810342e9edc53d69e13bd7d2da,2,5,37,258,2019-01-01T10:35:20Z,2019-01-01T10:53:16Z,1,2,1,Green,15.92,0.0,0.5,0.0,0.0,0.0,16.42,,Credit Card
5af082f68cf2d448fe8aab880151bc89,2,5,205,196,2019-01-01T16:29:11Z,2019-01-01T16:59:38Z,1,2,1,Green,39.36,0.0,0.5,0.0,0.0,0.0,39.86,,Credit Card
4d91c236781e14db8efc0d324226c1e7,2,1,52,100,2019-01-01T08:23:34Z,2019-01-01T08:42:35Z,1,1,1,Green,24.0,0.0,0.5,3.0,0.0,0.3,27.8,,Credit Card
e3f79cc7ebfd48fe2e6abc3248da6a6d,1,1,247,42,2019-01-01T05:41:32Z,2019-01-01T05:45:27Z,1,1,1,Green,5.0,0.5,0.5,1.0,0.0,0.3,7.3,,Credit Card
bdfe5ed7ad83e9793ee39b80b40c15ba,2,1,256,255,2019-01-01T03:34:15Z,2019-01-01T03:38:31Z,5,1,1,Green,5.0,0.5,0.5,1.58,0.0,0.3,7.88,,Credit Card
3a9daac320630451146b7d9a430c5634,2,1,181,106,2019-01-01T16:18:58Z,2019-01-01T16:23:14Z,2,1,1,Green,5.0,0.0,0.5,1.74,0.0,0.3,7.54,,Credit Card
1f41206318817efce568611d49e24ba6,2,1,40,25,2019-01-01T15:38:50Z,2019-01-01T15:42:58Z,1,1,1,Green,5.0,0.0,0.5,1.74,0.0,0.3,7.54,,Credit Card
51838340b84442c5d384f7402c7f16bb,2,1,41,42,2019-01-01T00:31:00Z,2019-01-01T00:35:13Z,1,1,2,Green,5.0,0.5,0.5,0.0,0.0,0.3,6.3,,Cash
2d658a2b8e7d905d2bf12006acdf7758,2,1,129,260,2019-01-01T03:03:47Z,2019-01-01T03:08:21Z,1,1,2,Green,5.0,0.5,0.5,0.0,0.0,0.3,6.3,,Cash
ffaf7acc77598f13ce06028d22830d83,2,1,42,116,2019-01-01T00:15:15Z,2019-01-01T00:19:40Z,1,1,2,Green,5.0,0.5,0.5,0.0,0.0,0.3,6.3,,Cash
e3f16d8083052e98bb36895dc4105a54,2,5,264,112,2019-01-01T08:17:16Z,2019-01-01T08:21:00Z,1,2,1,Green,5.0,0.0,0.0,1.06,0.0,0.3,6.36,,Credit Card
78a4390faf15b55bf981e7806d00c293,1,1,41,41,2019-01-01T15:49:37Z,2019-01-01T15:53:50Z,1,1,2,Green,5.0,0.0,0.5,0.0,0.0,0.3,5.8,,Cash
2fc76a07b0fbdf916d66a67503194b1a,2,1,74,74,2019-01-01T12:55:26Z,2019-01-01T12:58:32Z,1,1,2,Green,5.0,0.0,0.5,0.0,0.0,0.3,5.8,,Cash
6a45f7447a57be67d5f9a9bbac6e7a48,2,1,244,116,2019-01-01T08:45:17Z,2019-01-01T08:48:57Z,1,1,2,Green,5.0,0.0,0.5,0.0,0.0,0.3,5.8,,Cash
9a5702c1e4278331c18d0c653b408f55,2,1,74,41,2019-01-01T17:01:28Z,2019-01-01T17:05:59Z,2,1,2,Green,5.0,0.0,0.5,0.0,0.0,0.3,5.8,,Cash
b42415f2048b977f54ca8311c91a1390,2,1,42,166,2019-01-01T19:46:25Z,2019-01-01T19:50:49Z,2,1,1,Green,5.0,0.0,0.5,1.45,0.0,0.3,7.25,,Credit Card
2660718ef1ab17d103bd07e49334c217,2,1,74,75,2019-01-01T21:39:52Z,2019-01-01T21:44:02Z,2,1,1,Green,5.0,0.5,0.5,1.89,0.0,0.3,8.19,,Credit Card
7ed97758adebda0dac19c6e759323416,1,1,95,95,2019-01-01T02:35:54Z,2019-01-01T02:40:13Z,1,1,1,Green,5.0,0.5,0.5,1.25,0.0,0.3,7.55,,Credit Card
3be3dbeb97b2f1fab79cbec561032ec6,1,1,244,244,2019-01-01T21:19:14Z,2019-01-01T21:23:12Z,1,1,1,Green,5.0,0.5,0.5,1.25,0.0,0.3,7.55,,Credit Card
1a8bdea1c27a6527350e574d130b537d,2,1,112,129,2019-01-01T04:57:20Z,2019-01-01T05:24:18Z,1,1,2,Green,21.5,0.5,0.5,0.0,0.0,0.3,22.8,,Cash
d47cdd13e00606029b8aeae48a625a3f,2,1,226,57,2019-01-01T00:35:17Z,2019-01-01T00:53:32Z,5,1,2,Green,21.5,0.5,0.5,0.0,0.0,0.3,22.8,,Cash
f523f03d256a523ae3fd3c60e0def343,2,1,66,164,2019-01-01T14:00:52Z,2019-01-01T14:17:21Z,1,1,1,Green,21.5,0.0,0.5,2.23,0.0,0.3,24.53,,Credit Card
b25b526ddef2000456ada766118a5a47,2,1,112,112,2019-01-01T19:03:36Z,2019-01-01T19:04:06Z,1,1,2,Green,2.5,0.0,0.5,0.0,0.0,0.3,3.3,,Cash
7cf5c84e6de0435cf25a38a6408a6039,1,1,145,145,2019-01-01T21:06:47Z,2019-01-01T21:06:52Z,1,1,2,Green,2.5,0.5,0.5,0.0,0.0,0.3,3.8,,Cash
b201e207c29831e39bb1d11985233121,2,1,7,90,2019-01-01T07:20:27Z,2019-01-01T07:40:43Z,5,1,2,Green,19.0,0.0,0.5,0.0,0.0,0.3,19.8,,Cash
b902f40253ec4dd33d57201b52465fb9,1,1,264,249,2019-01-01T02:42:44Z,2019-01-01T03:06:17Z,1,1,2,Green,19.0,0.5,0.5,0.0,0.0,0.3,20.3,,Cash
d54ea292e54bea468c56651da1fcb668,2,1,182,51,2019-01-01T04:20:09Z,2019-01-01T04:34:34Z,1,1,2,Green,19.0,0.5,0.5,0.0,0.0,0.3,20.3,,Cash
7cb7d25966ba00b680ba3f77f3928d12,2,5,203,76,2019-01-01T06:34:48Z,2019-01-01T06:54:23Z,1,2,1,Green,31.15,0.0,0.5,0.0,0.0,0.0,31.65,,Credit Card
0ca956dcfd8ee2ee9d001d874805b6d3,2,5,42,94,2019-01-01T23:47:14Z,2019-01-01T23:59:46Z,1,2,1,Green,16.59,0.0,0.5,0.0,0.0,0.0,17.09,,Credit Card
21bde036a0ab096eebfc56882a19edfa,2,5,75,136,2019-01-01T16:36:06Z,2019-01-01T16:55:40Z,1,2,1,Green,19.89,0.0,0.5,0.0,0.0,0.0,20.39,,Credit Card
bd08104f5a03ef8d35e146382d7c4ea9,2,5,203,56,2019-01-01T19:33:38Z,2019-01-01T19:58:23Z,1,2,1,Green,34.57,0.0,0.5,0.0,0.0,0.0,35.07,,Credit Card
bf74c6b714cdbd020a27bd63882afca1,2,5,259,208,2019-01-01T16:46:45Z,2019-01-01T17:02:41Z,1,2,1,Green,19.47,0.0,0.5,0.0,0.0,0.0,19.97,,Credit Card
8e94ee08690179d956fd315fbf18c25f,2,5,39,76,2019-01-01T11:43:36Z,2019-01-01T11:59:56Z,1,2,1,Green,16.07,0.0,0.5,0.0,0.0,0.0,16.57,,Credit Card
45c158a041c93416b758f4349e81ea77,2,5,35,137,2019-01-01T14:59:54Z,2019-01-01T15:35:24Z,1,2,1,Green,50.21,0.0,0.5,0.0,0.0,0.0,50.71,,Credit Card
fbaccbf0c86a64d5010d6572595c24c1,2,5,97,177,2019-01-01T15:02:37Z,2019-01-01T15:25:32Z,1,2,1,Green,15.63,0.0,0.5,0.0,0.0,0.0,16.13,,Credit Card
26368e089d47b0a7f9bbeccb30cc7c31,2,5,95,86,2019-01-01T16:58:32Z,2019-01-01T17:28:13Z,1,2,1,Green,41.01,0.0,0.5,0.0,0.0,0.0,41.51,,Credit Card
657a228c575f19238c1783f9d56d54ee,2,1,193,193,2019-01-21T17:53:14Z,2019-01-21T17:54:20Z,1,1,1,Green,0.0,0.0,0.0,0.0,0.0,0.0,0.0,,Credit Card
e110513eee44b6abbf169301acfcecad,2,1,203,39,2019-01-21T04:25:38Z,2019-01-21T04:47:28Z,5,1,1,Green,35.5,0.5,0.5,0.0,0.0,0.3,36.8,,Credit Card
89a7f76d0e507803d27f9416b0d1c000,2,1,134,134,2019-01-21T18:41:13Z,2019-01-21T18:41:22Z,1,1,3,Green,-2.5,-1.0,-0.5,0.0,0.0,-0.3,-4.3,,No Charge
b0f14f21d4b0f0b05ea6e700f2b5ef28,2,1,212,212,2019-01-21T08:28:55Z,2019-01-21T08:29:31Z,1,1,3,Green,-2.5,0.0,-0.5,0.0,0.0,-0.3,-3.3,,No Charge
4ffb97b735b49f6c2ddb4206b9fa1090,2,5,213,213,2019-01-21T22:14:01Z,2019-01-21T22:14:13Z,1,2,2,Green,14.0,0.0,0.0,0.0,0.0,0.0,14.0,,Cash
12ea47949a6abd9daaa8b885129e1f9c,2,1,66,189,2019-01-21T18:19:41Z,2019-01-21T18:37:57Z,1,1,1,Green,14.0,0.0,0.5,2.96,0.0,0.3,17.76,,Credit Card
2fbcbcbc4bf88c78776236285cd86d79,2,1,196,260,2019-01-21T18:59:51Z,2019-01-21T19:12:01Z,1,1,2,Green,11.5,0.0,0.5,0.0,0.0,0.3,12.3,,Cash
a4a95a93b72f559498289290ed476933,2,1,129,179,2019-01-21T15:00:43Z,2019-01-21T15:09:53Z,1,1,2,Green,11.5,0.0,0.5,0.0,0.0,0.3,12.3,,Cash
5fa984c712dd47375f8e4c75af7dae70,2,1,95,197,2019-01-21T13:22:28Z,2019-01-21T13:35:07Z,1,1,2,Green,11.5,0.0,0.5,0.0,0.0,0.3,12.3,,Cash
d82986a6a9352f8f04d4f0e11eb23281,2,1,75,237,2019-01-21T15:41:06Z,2019-01-21T15:55:50Z,1,1,2,Green,11.5,0.0,0.5,0.0,0.0,0.3,12.3,,Cash
ed4f97105e485a2b46521a43e0768697,2,1,116,159,2019-01-21T12:36:28Z,2019-01-21T12:49:35Z,1,1,2,Green,11.5,0.0,0.5,0.0,0.0,0.3,12.3,,Cash
49d3bdf010ac8d2566c67ff293610f9f,2,1,7,229,2019-01-21T10:13:05Z,2019-01-21T10:22:47Z,1,1,1,Green,11.5,0.0,0.5,3.08,0.0,0.3,15.38,,Credit Card
241b74e265a0ce51515db32e468c5b97,2,1,82,138,2019-01-21T22:45:18Z,2019-01-21T22:53:09Z,1,1,2,Green,11.5,0.5,0.5,0.0,0.0,0.3,12.8,,Cash
eeeebe61094a77daec11da0471b4b061,2,1,82,92,2019-01-21T05:44:29Z,2019-01-21T05:56:16Z,3,1,2,Green,11.5,0.5,0.5,0.0,0.0,0.3,12.8,,Cash
46c4ca967d0529e9d942c5090b62313c,2,1,25,61,2019-01-21T18:26:48Z,2019-01-21T18:41:51Z,5,1,1,Green,11.5,0.0,0.5,2.46,0.0,0.3,14.76,,Credit Card
c5d9b33e24c345851ad659392f72ef07,2,1,130,131,2019-01-21T18:41:46Z,2019-01-21T18:52:12Z,1,1,1,Green,11.5,0.0,0.5,1.0,0.0,0.3,13.3,,Credit Card
baaae368f957139e32fd9c5c6016a11f,2,1,61,106,2019-01-21T17:59:58Z,2019-01-21T18:14:50Z,2,1,1,Green,11.5,1.0,0.5,0.0,0.0,0.3,13.3,,Credit Card
692d58330571b98da516bac90fc9e6a3,2,1,14,188,2019-01-21T12:10:52Z,2019-01-21T12:37:27Z,1,1,1,Green,28.0,0.0,0.5,0.0,0.0,0.3,28.8,,Credit Card
dfc4c7efb3ec24a5f227fa9bcbe557d4,2,1,188,113,2019-01-21T08:41:01Z,2019-01-21T09:15:36Z,1,1,1,Green,28.0,0.0,0.5,0.0,0.0,0.3,28.8,,Credit Card
2f112c49aaaae04629e55f45745bac71,2,1,92,53,2019-01-21T19:32:35Z,2019-01-21T19:41:00Z,1,1,2,Green,9.0,0.0,0.5,0.0,0.0,0.3,9.8,,Cash
3ab73fa1627e35b8983ed0cb45e06b67,2,1,129,223,2019-01-21T09:32:20Z,2019-01-21T09:39:31Z,1,1,1,Green,9.0,0.0,0.5,1.96,0.0,0.3,11.76,,Credit Card
4d3b78717e3dae96cfac1052e4fd4a4f,2,1,260,129,2019-01-21T21:59:25Z,2019-01-21T22:08:14Z,1,1,2,Green,9.0,0.5,0.5,0.0,0.0,0.3,10.3,,Cash
f7228dc3f08271a877880c9292a612dc,2,1,41,238,2019-01-21T13:23:21Z,2019-01-21T13:33:31Z,1,1,1,Green,9.0,0.0,0.5,2.0,0.0,0.3,11.8,,Credit Card
460b4f2984401acc334e3f3617e4286b,2,1,34,256,2019-01-21T18:54:05Z,2019-01-21T19:04:50Z,2,1,2,Green,9.0,1.0,0.5,0.0,0.0,0.3,10.8,,Cash
31bcf79de79f7cf0f79a76b8b2808ab1,2,1,166,211,2019-01-21T16:34:36Z,2019-01-21T16:59:47Z,1,1,1,Green,25.5,0.0,0.5,5.26,0.0,0.3,31.56,,Credit Card
75a75099a077ca1920afbbf058eb9b53,2,1,33,33,2019-01-21T10:32:02Z,2019-01-21T10:37:08Z,1,1,2,Green,6.5,0.0,0.5,0.0,0.0,0.3,7.3,,Cash
f3a57dc5d6188f17c6fd3ddf8e566fd3,2,1,106,195,2019-01-21T17:03:32Z,2019-01-21T17:09:58Z,1,1,2,Green,6.5,0.0,0.5,0.0,0.0,0.3,7.3,,Cash
94fc2c5ba73e67a494c71e03514b0830,2,1,83,157,2019-01-21T18:17:39Z,2019-01-21T18:23:34Z,1,1,2,Green,6.5,0.0,0.5,0.0,0.0,0.3,7.3,,Cash
015c854ee88ed43a744682b9a0c7706c,2,1,65,49,2019-01-21T11:40:12Z,2019-01-21T11:46:37Z,1,1,2,Green,6.5,0.0,0.5,0.0,0.0,0.3,7.3,,Cash
ce538c57d7dbc70ec29d1e58f208081a,1,1,188,61,2019-01-21T09:48:12Z,2019-01-21T09:55:43Z,1,1,1,Green,6.5,0.0,0.5,0.0,0.0,0.3,7.3,,Credit Card
16c5fe2e08887cd862e60c7cb2b3fb73,2,1,129,260,2019-01-21T18:42:02Z,2019-01-21T18:49:49Z,1,1,2,Green,6.5,0.0,0.5,0.0,0.0,0.3,7.3,,Cash
c7bd99ce29862a8759d4a571741e9884,2,1,74,75,2019-01-21T20:41:15Z,2019-01-21T20:46:34Z,1,1,1,Green,6.5,0.5,0.5,1.56,0.0,0.3,9.36,,Credit Card
314d6929e3ef39606cedfa82ec340ddd,2,1,129,129,2019-01-21T02:47:17Z,2019-01-21T02:53:31Z,4,1,1,Green,6.5,0.5,0.5,1.0,0.0,0.3,8.8,,Credit Card
eab1d214a2bafec3066bcc5ff8b17333,2,1,41,75,2019-01-21T00:26:15Z,2019-01-21T00:32:23Z,2,1,2,Green,6.5,0.5,0.5,0.0,0.0,0.3,7.8,,Cash
40a539ae69f86365c58e8a2ec7088a4e,2,1,129,82,2019-01-21T20:29:07Z,2019-01-21T20:35:46Z,3,1,2,Green,6.5,0.5,0.5,0.0,0.0,0.3,7.8,,Cash
bc0b46f81571f11cbe8bab29a97fd8cd,2,1,41,24,2019-01-21T14:59:35Z,2019-01-21T15:05:38Z,1,1,1,Green,6.5,0.0,0.5,1.46,0.0,0.3,8.76,,Credit Card
ea0786dec58ca6122a4a27141df05a24,2,1,181,181,2019-01-21T20:21:01Z,2019-01-21T20:26:57Z,1,1,1,Green,6.5,0.5,0.5,1.56,0.0,0.3,11.31,,Credit Card
5c4fdc47921623260c1f9728330107bc,2,1,181,181,2019-01-21T14:45:15Z,2019-01-21T14:47:58Z,1,1,2,Green,4.0,0.0,0.5,0.0,0.0,0.3,4.8,,Cash
b9409b0fbf5cdc205cd76aa998aed211,1,1,47,20,2019-01-21T03:51:10Z,2019-01-21T03:53:55Z,1,1,2,Green,4.0,0.5,0.5,0.0,0.0,0.3,5.3,,Cash
37d4a2f4debe96eb35ba62288c1dce78,1,1,82,129,2019-01-21T05:17:35Z,2019-01-21T05:20:33Z,3,1,2,Green,4.0,0.5,0.5,0.0,0.0,0.3,5.3,,Cash
fd15c7e690a24a91a3d095cca951f1d9,2,1,25,25,2019-01-21T14:29:42Z,2019-01-21T14:32:26Z,1,1,1,Green,4.0,0.0,0.5,0.96,0.0,0.3,5.76,,Credit Card
2dcb75aed796a36244db93016fdd433d,2,1,145,145,2019-01-21T12:08:28Z,2019-01-21T12:11:28Z,1,1,1,Green,4.0,0.0,0.5,0.96,0.0,0.3,5.76,,Credit Card
c8dec576484e9757165cc88830924265,2,1,49,61,2019-01-21T13:19:10Z,2019-01-21T13:22:08Z,5,1,1,Green,4.0,0.0,0.5,0.96,0.0,0.3,5.76,,Credit Card
18b10dc06dbfcf5571ad056a03d4e912,2,1,75,75,2019-01-21T13:25:21Z,2019-01-21T13:28:19Z,1,1,1,Green,4.0,0.0,0.5,1.2,0.0,0.3,6.0,,Credit Card
aa2a9e14d7e144bfd8b3a31025f78c5e,2,1,166,166,2019-01-21T13:15:32Z,2019-01-21T13:18:01Z,1,1,1,Green,4.0,0.0,0.5,1.2,0.0,0.3,6.0,,Credit Card
abba4346b54e7813b80440472cbed2c3,2,1,97,25,2019-01-21T14:40:46Z,2019-01-21T14:44:06Z,1,1,1,Green,4.0,0.0,0.5,1.44,0.0,0.3,6.24,,Credit Card
40e59d60166b9a407c0e8fff0696e32c,2,1,7,146,2019-01-21T20:16:28Z,2019-01-21T20:19:36Z,1,1,1,Green,4.0,0.5,0.5,1.06,0.0,0.3,6.36,,Credit Card
9165de6cc0ca50ff43359a823e3aafa1,1,1,41,41,2019-01-21T19:23:24Z,2019-01-21T19:26:07Z,1,1,1,Green,4.0,0.0,0.5,1.0,0.0,0.3,5.8,,Credit Card
15507589fb6258180401b4f9ed1c4735,2,1,179,49,2019-01-21T17:57:40Z,2019-01-21T18:44:39Z,3,1,1,Green,39.5,0.0,0.5,0.0,0.0,0.3,40.3,,Credit Card
30365ae7052d7137061ee25d1655ef50,1,1,66,164,2019-01-21T16:14:52Z,2019-01-21T16:33:09Z,2,1,1,Green,20.5,0.0,0.5,3.0,0.0,0.3,24.3,,Credit Card
59011a4fc15f433dbfa04bf89b9f8aa5,1,1,97,79,2019-01-21T19:34:51Z,2019-01-21T19:57:05Z,1,1,1,Green,18.0,0.0,0.5,0.0,0.0,0.3,18.8,,Credit Card
d1aa37aeec28bede92d76ecd3bdb2b0d,2,1,260,223,2019-01-21T14:24:49Z,2019-01-21T14:48:00Z,1,1,1,Green,18.0,0.0,0.5,3.76,0.0,0.3,22.56,,Credit Card
382800cf91b2929a180111b199804552,2,1,191,69,2019-01-21T12:23:28Z,2019-01-21T13:05:27Z,1,1,1,Green,53.5,0.0,0.5,0.0,5.76,0.3,60.06,,Credit Card
327ae17cbd0a0e5dac8452dcddf27567,2,1,65,225,2019-01-21T18:03:33Z,2019-01-21T18:22:54Z,1,1,2,Green,15.5,0.0,0.5,0.0,0.0,0.3,16.3,,Cash
ef182aeea0fd3f69246d52584d313c87,1,1,244,241,2019-01-21T12:42:11Z,2019-01-21T12:53:13Z,1,1,2,Green,15.5,0.0,0.5,0.0,0.0,0.3,16.3,,Cash
82445f3bec011da98652e6bfd315c82c,2,1,226,48,2019-01-21T06:31:37Z,2019-01-21T06:48:47Z,1,1,2,Green,15.5,0.0,0.5,0.0,0.0,0.3,16.3,,Cash
32ab17a86beb2ff3cd3e7174327a03c8,2,1,33,195,2019-01-21T10:04:49Z,2019-01-21T10:25:07Z,1,1,2,Green,15.5,0.0,0.5,0.0,0.0,0.3,16.3,,Cash
8bac72740171d2b2f4cf3da3be505a42,2,1,42,161,2019-01-21T13:21:27Z,2019-01-21T13:40:41Z,1,1,1,Green,15.5,0.0,0.5,3.26,0.0,0.3,19.56,,Credit Card
a88932f9ee13640b9891ee9ffc9b4592,1,1,244,235,2019-01-21T16:14:22Z,2019-01-21T16:27:42Z,1,1,2,Green,13.0,0.0,0.5,0.0,0.0,0.3,13.8,,Cash
579861cec4333eee250230b045dd4293,2,1,61,89,2019-01-21T09:32:43Z,2019-01-21T09:49:01Z,1,1,1,Green,13.0,0.0,0.5,0.0,0.0,0.3,13.8,,Credit Card
26b1a9204923c806763bd4f6f53b75b4,2,1,52,87,2019-01-21T12:15:26Z,2019-01-21T12:27:20Z,1,1,2,Green,13.0,0.0,0.5,0.0,0.0,0.3,13.8,,Cash
121173efd37aa6c0ed46e7abb132cde6,1,1,83,70,2019-01-21T00:18:45Z,2019-01-21T00:29:21Z,1,1,2,Green,13.0,0.5,0.5,0.0,0.0,0.3,14.3,,Cash
8b9e87fda871d87b66090e0ad21f0b1b,2,1,66,17,2019-01-21T20:01:43Z,2019-01-21T20:16:32Z,1,1,1,Green,13.0,0.5,0.5,2.86,0.0,0.3,17.16,,Credit Card
a8767dfd5dfcbfd0a23a2a8967cfddf3,1,1,49,225,2019-01-21T20:11:59Z,2019-01-21T20:27:03Z,1,1,1,Green,13.0,0.5,0.5,3.55,0.0,0.3,17.85,,Credit Card
5e893df4dec1dba64bf67688a95e9f06,2,1,197,7,2019-01-21T16:04:58Z,2019-01-21T16:30:53Z,1,1,1,Green,29.5,0.0,0.5,0.0,0.0,0.3,30.3,,Credit Card
5056634872362eabacab1eaa99fe3b1b,2,1,74,263,2019-01-21T14:04:02Z,2019-01-21T14:14:59Z,1,1,1,Green,10.5,0.0,0.5,2.26,0.0,0.3,13.56,,Credit Card
31da4f6713840c259a789a4c9a00828d,2,1,95,196,2019-01-21T17:23:24Z,2019-01-21T17:38:20Z,1,1,1,Green,10.5,0.0,0.5,2.26,0.0,0.3,13.56,,Credit Card
38508aae15f05e58b80d01594bfcf0ab,2,1,168,244,2019-01-21T11:58:33Z,2019-01-21T12:08:23Z,1,1,1,Green,10.5,0.0,0.5,0.0,0.0,0.3,11.3,,Credit Card
ad9730fa194e38ef8f47c391e164254c,2,1,74,238,2019-01-21T18:03:38Z,2019-01-21T18:15:20Z,2,1,2,Green,10.5,0.0,0.5,0.0,0.0,0.3,11.3,,Cash
3825858c15b8a749aeff08a08c3e1f52,2,1,74,263,2019-01-21T01:36:19Z,2019-01-21T01:48:07Z,1,1,1,Green,10.5,0.5,0.5,2.36,0.0,0.3,14.16,,Credit Card
2ebd4451a54479a78b79ae7aba91874d,2,1,42,69,2019-01-21T21:32:49Z,2019-01-21T21:45:09Z,1,1,1,Green,10.5,0.5,0.5,0.0,0.0,0.3,11.8,,Credit Card
49aedded49a1bd9dfb281629d6942b29,2,1,74,263,2019-01-21T09:44:12Z,2019-01-21T09:51:53Z,2,1,1,Green,8.0,0.0,0.5,1.0,0.0,0.3,9.8,,Credit Card
1959c99e75896f956d11648e0b169eae,2,1,7,223,2019-01-21T16:37:43Z,2019-01-21T16:46:05Z,1,1,2,Green,8.0,1.0,0.5,0.0,0.0,0.3,9.8,,Cash
19177f2834e7353a96c7104cd593f981,2,1,179,223,2019-01-21T12:20:46Z,2019-01-21T12:28:54Z,1,1,2,Green,8.0,0.0,0.5,0.0,0.0,0.3,8.8,,Cash
1dccb48c8561ebe313ffbb8daf7619c9,2,1,74,42,2019-01-21T18:07:34Z,2019-01-21T18:17:20Z,1,1,2,Green,8.0,0.0,0.5,0.0,0.0,0.3,8.8,,Cash
86c44287c4519eef9cdc7bb73d1ade34,2,1,47,69,2019-01-21T09:39:10Z,2019-01-21T09:47:22Z,1,1,2,Green,8.0,0.0,0.5,0.0,0.0,0.3,8.8,,Cash
7760beb331fb5d8ab5b05cd3fe4c0cc0,1,1,74,75,2019-01-21T14:00:52Z,2019-01-21T14:10:19Z,1,1,2,Green,8.0,0.0,0.5,0.0,0.0,0.3,8.8,,Cash
acbef5a0a78522901e2eecfaef50f374,2,1,97,181,2019-01-21T13:11:38Z,2019-01-21T13:20:56Z,1,1,1,Green,8.0,0.0,0.5,0.0,0.0,0.3,8.8,,Credit Card
aa272ec40742258c483ebc599db4b90c,2,1,152,247,2019-01-21T08:53:29Z,2019-01-21T09:01:47Z,1,1,1,Green,8.0,0.0,0.5,0.0,0.0,0.3,8.8,,Credit Card
b17ef739acc1b44a1789897fb0bfc89d,2,1,116,244,2019-01-21T23:37:40Z,2019-01-21T23:46:48Z,2,1,1,Green,8.0,0.5,0.5,0.0,0.0,0.3,9.3,,Credit Card
a956c5b5aef79051b69f99c8cc8f8096,2,1,24,236,2019-01-21T20:52:00Z,2019-01-21T20:58:21Z,1,1,2,Green,8.0,0.5,0.5,0.0,0.0,0.3,9.3,,Cash
058dafba4a285595c7080d1ed914df1b,2,1,74,236,2019-01-21T09:17:13Z,2019-01-21T09:23:50Z,1,1,1,Green,8.0,0.0,0.5,1.76,0.0,0.3,10.56,,Credit Card
62a4074cd835f4bd10a3fa03df6a15ca,1,1,134,197,2019-01-21T13:10:12Z,2019-01-21T13:19:06Z,1,1,1,Green,8.0,0.0,0.5,1.75,0.0,0.3,10.55,,Credit Card
a8281d96b6f785782608fb2210e59a47,1,1,28,141,2019-01-21T08:45:58Z,2019-01-21T09:17:04Z,1,1,1,Green,43.5,0.0,0.5,0.0,5.76,0.3,50.06,,Credit Card
fb4dafecb3fa1d9b45a5170db95b10e8,2,1,145,95,2019-01-21T22:37:45Z,2019-01-21T23:05:48Z,1,1,1,Green,24.5,0.5,0.5,5.16,0.0,0.3,30.96,,Credit Card
22ce36b22edba93df61b4dcb238f4836,2,1,29,39,2019-01-21T11:19:32Z,2019-01-21T11:36:30Z,1,1,1,Green,24.5,0.0,0.5,0.0,0.0,0.3,25.3,,Credit Card
2345bdbb511208280da1276201e9eb54,1,1,82,173,2019-01-21T17:09:01Z,2019-01-21T17:15:37Z,2,1,2,Green,5.5,1.0,0.5,0.0,0.0,0.3,7.3,,Cash
f04e2dbea508d8f5b6094bf5d334ed53,1,1,7,223,2019-01-21T10:22:28Z,2019-01-21T10:27:43Z,1,1,2,Green,5.5,0.0,0.5,0.0,0.0,0.3,6.3,,Cash
af8998a26cfaf92d901b379ec4535b93,2,1,82,82,2019-01-21T11:20:00Z,2019-01-21T11:24:48Z,1,1,2,Green,5.5,0.0,0.5,0.0,0.0,0.3,6.3,,Cash
30470595b5fa8fb84f5cfca674ec48bf,2,1,74,41,2019-01-21T17:51:45Z,2019-01-21T17:57:59Z,1,1,2,Green,5.5,0.0,0.5,0.0,0.0,0.3,6.3,,Cash
3082c5c9f277b84ea98da034e09fa9ce,2,1,41,166,2019-01-21T16:30:09Z,2019-01-21T16:35:40Z,1,1,2,Green,5.5,0.0,0.5,0.0,0.0,0.3,6.3,,Cash
18ba13da9896008be9385bb53e752613,2,1,83,260,2019-01-21T15:44:51Z,2019-01-21T15:49:11Z,5,1,2,Green,5.5,0.0,0.5,0.0,0.0,0.3,6.3,,Cash
bcffbc08edca13c318964889de1ecc76,2,1,24,41,2019-01-21T23:42:22Z,2019-01-21T23:47:26Z,1,1,1,Green,5.5,0.5,0.5,1.0,0.0,0.3,7.8,,Credit Card
3b2d46754b513b7ca4a5176c4d57777f,1,1,41,74,2019-01-21T21:17:15Z,2019-01-21T21:22:24Z,1,1,1,Green,5.5,0.5,0.5,1.35,0.0,0.3,8.15,,Credit Card
a9e728c54b53529dd5419deae0e28b4c,2,1,213,116,2019-01-21T20:42:44Z,2019-01-21T21:02:02Z,1,1,1,Green,22.0,0.5,0.5,4.66,0.0,0.3,29.91,,Credit Card
3def434980a8b416f8b0816257c4ee0c,2,1,129,223,2019-01-21T23:07:29Z,2019-01-21T23:29:06Z,2,1,1,Green,17.0,0.5,0.5,3.66,0.0,0.3,21.96,,Credit Card
b60ba462d2933d3601ba36e8e963ba6b,2,1,95,130,2019-01-21T07:32:30Z,2019-01-21T07:45:41Z,1,1,2,Green,17.0,0.0,0.5,0.0,0.0,0.3,17.8,,Cash
463a91326506d91ebd9fae3e7080c8e3,2,1,244,239,2019-01-21T15:23:05Z,2019-01-21T15:34:25Z,1,1,1,Green,17.0,0.0,0.5,3.56,0.0,0.3,21.36,,Credit Card
3d33ea79d3b691b8b09f035682865743,2,1,55,119,2019-01-21T16:29:36Z,2019-01-21T17:27:50Z,1,1,1,Green,71.5,0.0,0.5,0.0,0.0,0.3,72.3,,Credit Card
3ed386ba0f6acc1194af1307fb9d4b5d,2,1,71,230,2019-01-21T15:09:44Z,2019-01-21T16:15:29Z,1,1,2,Green,52.5,0.0,0.5,0.0,0.0,0.3,53.3,,Cash
f447556fa709f8bb607c75271e1007b6,2,1,25,61,2019-01-21T10:05:12Z,2019-01-21T10:22:22Z,1,1,1,Green,14.5,0.0,0.5,2.0,0.0,0.3,17.3,,Credit Card
d6e0c43be4537a4aaf4e6b1d05814aa0,2,1,42,235,2019-01-21T18:16:24Z,2019-01-21T18:28:14Z,1,1,2,Green,14.5,0.0,0.5,0.0,0.0,0.3,15.3,,Cash
3da0685eaf6c2fbe27d2c91e8aedbab2,2,1,14,26,2019-01-21T13:25:51Z,2019-01-21T13:45:06Z,1,1,1,Green,14.5,0.0,0.5,0.0,0.0,0.3,15.3,,Credit Card
f90b451f2d0f437a5b880fe13599de0b,1,1,97,113,2019-01-21T10:32:27Z,2019-01-21T10:48:15Z,1,1,1,Green,14.5,0.0,0.5,3.05,0.0,0.3,18.35,,Credit Card
5290f3ffcfd1a8c1cf1698283e4c0bcb,2,1,106,55,2019-01-21T19:19:23Z,2019-01-21T19:43:58Z,1,1,2,Green,31.0,0.0,0.5,0.0,0.0,0.3,31.8,,Cash
6ca67b36bdfb5a1614d9460097959884,2,1,97,62,2019-01-21T08:14:27Z,2019-01-21T08:29:21Z,1,1,1,Green,12.0,0.0,0.5,0.0,0.0,0.3,12.8,,Credit Card
9b28f8f87a97149c0a1a5778d073596a,2,1,191,122,2019-01-21T10:38:22Z,2019-01-21T10:57:41Z,1,1,1,Green,12.0,0.0,0.5,0.0,0.0,0.3,12.8,,Credit Card
1d48a14efb86b27ccf0ed407be0231bc,2,1,254,3,2019-01-21T14:10:55Z,2019-01-21T14:25:56Z,1,1,1,Green,12.0,0.0,0.5,0.0,0.0,0.3,12.8,,Credit Card
ebc766092ea5e05d51a2272815192c24,2,1,260,173,2019-01-21T23:12:19Z,2019-01-22T20:45:58Z,1,1,2,Green,12.0,0.5,0.5,0.0,0.0,0.3,13.3,,Cash
9d5b9dc987b511bb012dc7fa8671d284,2,1,47,60,2019-01-21T07:23:01Z,2019-01-21T07:35:09Z,1,1,1,Green,9.5,0.0,0.5,0.0,0.0,0.3,10.3,,Credit Card
2d11e6f3b53b8d711d36b3de345df7a7,2,1,129,83,2019-01-21T17:20:22Z,2019-01-21T17:34:04Z,1,1,2,Green,9.5,0.0,0.5,0.0,0.0,0.3,10.3,,Cash
20b1e923a2b70bdf4ea973aa02b935e5,2,1,260,82,2019-01-21T14:44:48Z,2019-01-21T14:57:18Z,1,1,2,Green,9.5,0.0,0.5,0.0,0.0,0.3,10.3,,Cash
70a4649a508be9e57cc182d4bdfc2455,2,1,82,223,2019-01-21T15:02:46Z,2019-01-21T15:11:10Z,1,1,2,Green,9.5,0.0,0.5,0.0,0.0,0.3,10.3,,Cash
d377be489012fdfbf3da77194838a694,1,1,74,152,2019-01-21T18:50:07Z,2019-01-21T19:01:54Z,2,1,2,Green,9.5,0.0,0.5,0.0,0.0,0.3,10.3,,Cash
4fac992e52311bd25a44f0fcb3f4d768,2,1,226,226,2019-01-21T09:31:42Z,2019-01-21T09:41:55Z,6,1,1,Green,9.5,0.0,0.5,0.0,0.0,0.3,10.3,,Credit Card
41f145ab9eda049c374dac7a8399bd34,2,1,107,140,2019-01-21T12:17:27Z,2019-01-21T12:26:57Z,1,1,1,Green,9.5,0.0,0.5,2.06,0.0,0.3,12.36,,Credit Card
4c9904d30e55f6b0c40880ea59ab3ecd,2,1,244,166,2019-01-21T14:30:20Z,2019-01-21T14:37:23Z,1,1,1,Green,9.5,0.0,0.5,2.06,0.0,0.3,12.36,,Credit Card
bde2960b8370d3886818700e7a68f630,2,1,42,116,2019-01-21T10:53:17Z,2019-01-21T11:03:28Z,1,1,1,Green,9.5,0.0,0.5,4.0,0.0,0.3,14.3,,Credit Card
d71a84a81a6c73699e855d18b8c496a2,2,1,216,17,2019-01-21T19:13:22Z,2019-01-21T19:42:11Z,1,1,1,Green,26.0,1.0,0.5,0.0,0.0,0.3,27.8,,Credit Card
6f077ed50978a81f7bba5f6e1fb02172,1,1,129,143,2019-01-21T04:28:58Z,2019-01-21T04:59:35Z,1,1,1,Green,26.0,0.5,0.5,2.0,0.0,0.3,29.3,,Credit Card
bc64703bfe10650868005a5a4557e9f6,2,1,166,79,2019-01-21T16:00:10Z,2019-01-21T16:28:20Z,1,1,1,Green,26.0,0.0,0.5,2.5,0.0,0.3,29.3,,Credit Card
63449c008f7ccd9f221b36cb728811c6,2,1,116,90,2019-01-21T06:40:14Z,2019-01-21T07:06:27Z,1,1,2,Green,26.0,0.0,0.5,0.0,0.0,0.3,26.8,,Cash
01905294d7bde04d48777b8ef756e5d8,2,1,95,56,2019-01-21T19:42:28Z,2019-01-21T19:49:03Z,1,1,1,Green,7.0,0.0,0.5,1.2,0.0,0.3,9.0,,Credit Card
fb83f2398e43b1378ab528ec41179cbc,2,1,42,152,2019-01-21T19:09:03Z,2019-01-21T19:15:37Z,1,1,1,Green,7.0,0.0,0.5,1.56,0.0,0.3,9.36,,Credit Card
b9da7400e17afa983dacaed3593ac52d,2,1,74,263,2019-01-21T17:47:04Z,2019-01-21T17:53:18Z,1,1,1,Green,7.0,0.0,0.5,1.56,0.0,0.3,9.36,,Credit Card
ff35754df04c406cb327c39048c76d58,2,1,74,236,2019-01-21T18:07:53Z,2019-01-21T18:13:55Z,1,1,1,Green,7.0,0.0,0.5,1.56,0.0,0.3,9.36,,Credit Card
fc7ee94be965d165d63487bd6b1ac84a,1,1,52,195,2019-01-21T16:57:29Z,2019-01-21T17:03:36Z,1,1,2,Green,7.0,0.0,0.5,0.0,0.0,0.3,7.8,,Cash
d8fb991ad20b91831ef333e009ab410c,2,1,36,36,2019-01-21T12:33:39Z,2019-01-21T12:41:50Z,2,1,1,Green,7.0,0.0,0.5,0.0,0.0,0.3,7.8,,Credit Card
db3622b2251cc63f218058e6047cca45,2,1,42,41,2019-01-21T10:03:08Z,2019-01-21T10:09:50Z,1,1,2,Green,7.0,0.0,0.5,0.0,0.0,0.3,7.8,,Cash
4ea34b85cbb728659b581603610645e9,2,1,75,41,2019-01-21T16:12:16Z,2019-01-21T16:18:26Z,1,1,2,Green,7.0,0.0,0.5,0.0,0.0,0.3,7.8,,Cash
a87c9f43b267ed362f64c32727fa3789,2,1,130,215,2019-01-21T21:03:00Z,2019-01-21T21:09:26Z,1,1,1,Green,7.0,0.5,0.5,1.0,0.0,0.3,9.3,,Credit Card
4c413a6a3a3d73285a00789b5e28404e,2,1,116,247,2019-01-21T00:35:31Z,2019-01-21T00:42:06Z,2,1,2,Green,7.0,0.5,0.5,0.0,0.0,0.3,8.3,,Cash
1da6179b7069b2ece0c83accf626fe70,2,1,166,24,2019-01-21T12:45:26Z,2019-01-21T12:53:40Z,1,1,1,Green,7.0,0.0,0.5,1.95,0.0,0.3,9.75,,Credit Card
07c2608cd9bee5b371527485d04bcd05,1,1,7,223,2019-01-21T12:01:11Z,2019-01-21T12:08:14Z,1,1,1,Green,7.0,0.0,0.5,1.55,0.0,0.3,9.35,,Credit Card
616782e97eade74210e8a6c7c8879cb0,1,1,166,42,2019-01-21T22:04:42Z,2019-01-21T22:10:57Z,1,1,1,Green,7.0,0.5,0.5,1.65,0.0,0.3,9.95,,Credit Card
229e8d7dd97d111064ea98e5f2ffd9c5,2,1,92,258,2019-01-21T16:23:06Z,2019-01-21T16:48:42Z,1,1,2,Green,23.5,0.0,0.5,0.0,0.0,0.3,24.3,,Cash
f6327c06e8c493e31268b6ade3af0b25,2,1,255,112,2019-01-21T18:43:52Z,2019-01-21T18:47:04Z,5,1,1,Green,4.5,1.0,0.5,1.0,0.0,0.3,7.3,,Credit Card
2de54902134bbed00eac9eaf4910b40a,2,1,82,56,2019-01-21T23:19:00Z,2019-01-21T23:22:32Z,1,1,1,Green,4.5,0.5,0.5,1.16,0.0,0.3,6.96,,Credit Card
f623d793fb7234a675793e35439a45bb,2,1,25,40,2019-01-21T20:25:40Z,2019-01-21T20:28:47Z,1,1,1,Green,4.5,0.5,0.5,1.16,0.0,0.3,6.96,,Credit Card
01f34274e79a04f5b05eb12d0e34aa32,1,1,210,29,2019-01-21T16:33:50Z,2019-01-21T16:36:53Z,1,1,1,Green,4.5,0.0,0.5,1.0,0.0,0.3,6.3,,Credit Card
bb50d16baf160f6ea952970ca032f333,2,1,41,42,2019-01-21T09:22:13Z,2019-01-21T09:25:53Z,1,1,2,Green,4.5,0.0,0.5,0.0,0.0,0.3,5.3,,Cash
1af014af3d2942b0a23a3c3ed20c91f7,2,1,146,7,2019-01-21T00:57:56Z,2019-01-21T01:01:08Z,1,1,1,Green,4.5,0.5,0.5,1.0,0.0,0.3,6.8,,Credit Card
e4d1656267aae7d07d933799c9c5c936,2,1,74,42,2019-01-21T16:48:52Z,2019-01-21T16:54:13Z,1,1,1,Green,4.5,0.0,0.5,1.06,0.0,0.3,6.36,,Credit Card
d8dede9a9a1736d824a210784dfa340d,2,1,7,7,2019-01-21T18:59:35Z,2019-01-21T19:03:04Z,1,1,1,Green,4.5,0.0,0.5,1.06,0.0,0.3,6.36,,Credit Card
8b84dc872c91678c1fb51b1cf29d54f3,2,1,129,129,2019-01-21T00:50:06Z,2019-01-21T00:53:44Z,1,1,2,Green,4.5,0.5,0.5,0.0,0.0,0.3,5.8,,Cash
902ad9e378e87bb24d94b1c42b5a4676,2,1,83,260,2019-01-21T23:37:45Z,2019-01-21T23:41:30Z,2,1,2,Green,4.5,0.5,0.5,0.0,0.0,0.3,5.8,,Cash
acb5ac8b185e33ebe3ed1c9dc1c9cdaf,1,1,264,264,2019-01-21T16:27:22Z,2019-01-21T16:30:32Z,1,1,1,Green,4.5,0.0,0.5,0.79,0.0,0.3,6.09,,Credit Card
f1267c8b7cc57926a70f030116fbac2a,2,1,95,95,2019-01-21T17:27:08Z,2019-01-21T17:31:06Z,1,1,1,Green,4.5,0.0,0.5,1.59,0.0,0.3,6.89,,Credit Card
6b33cd34285049d3b6dc7637d2ade2cb,1,1,7,7,2019-01-21T01:37:51Z,2019-01-21T01:41:04Z,2,1,1,Green,4.5,0.5,0.5,1.15,0.0,0.3,6.95,,Credit Card
ebe9d14ea82a75690adaaaa91f19de95,1,1,223,223,2019-01-21T19:30:53Z,2019-01-21T19:34:22Z,1,1,1,Green,4.5,0.5,0.5,1.15,0.0,0.3,6.95,,Credit Card
decc9fd86f6ef9c70dfa09a735cc5c3a,2,1,39,34,2019-01-21T12:08:17Z,2019-01-21T12:44:16Z,2,1,1,Green,59.0,0.0,0.5,0.0,0.0,0.3,59.8,,Credit Card
28878a0c9ae8f3dcc3a357519c5cb587,2,5,80,170,2019-01-21T04:15:26Z,2019-01-21T04:34:13Z,2,2,1,Green,40.0,0.0,0.0,2.0,0.0,0.0,42.0,,Credit Card
6c893cfe5f39f3ab436857ae7eaf4277,2,1,26,188,2019-01-21T15:57:00Z,2019-01-21T16:28:45Z,1,1,1,Green,21.0,0.0,0.5,0.0,0.0,0.3,21.8,,Credit Card
432bb0b71fea5caf40fd0cd2ee8eeb5b,2,5,182,168,2019-01-21T07:07:07Z,2019-01-21T07:23:16Z,1,2,1,Green,15.2,0.0,0.5,0.0,0.0,0.0,15.7,,Credit Card
624204b31fd8e44b24d1e0c5433a2015,2,1,116,237,2019-01-21T06:22:42Z,2019-01-21T06:41:11Z,1,1,1,Green,18.5,0.0,0.5,2.0,0.0,0.3,21.3,,Credit Card
74bd03e4be396545de4e340d6d1d931e,2,1,75,164,2019-01-21T15:25:34Z,2019-01-21T15:45:07Z,1,1,1,Green,18.5,0.0,0.5,3.86,0.0,0.3,23.16,,Credit Card
59c0457d307935beccf7f27c0e78cc18,2,1,82,229,2019-01-21T07:57:22Z,2019-01-21T08:16:11Z,1,1,2,Green,18.5,0.0,0.5,0.0,0.0,0.3,19.3,,Cash
2dd58455364b0317c67d847399479091,2,5,192,132,2019-01-21T13:58:01Z,2019-01-21T14:21:49Z,1,2,1,Green,35.0,0.0,0.0,7.0,0.0,0.0,42.0,,Credit Card
64262f948f7eadd08aab3b2bf653fd23,2,4,260,265,2019-01-21T20:26:17Z,2019-01-21T21:09:02Z,1,1,1,Green,89.5,0.5,0.5,27.24,0.0,0.3,118.04,,Credit Card
8851cc5c37aa3cb6a083dd42d4ba7fca,2,1,52,114,2019-01-21T10:51:28Z,2019-01-21T11:10:08Z,1,1,1,Green,16.0,0.0,0.5,3.36,0.0,0.3,20.16,,Credit Card
cbefbc4406a5b2f4a7cf534ee0b79eb0,2,1,65,17,2019-01-21T18:43:18Z,2019-01-21T19:05:15Z,1,1,2,Green,16.0,0.0,0.5,0.0,0.0,0.3,16.8,,Cash
250959aeaeb7ab347fbac11911f53800,2,1,166,159,2019-01-21T15:25:35Z,2019-01-21T15:45:32Z,1,1,1,Green,16.0,0.0,0.5,0.0,0.0,0.3,16.8,,Credit Card
6a019a860e4dddf561a6e436ca7a41f9,2,1,106,25,2019-01-21T10:33:07Z,2019-01-21T10:52:25Z,1,1,2,Green,13.5,0.0,0.5,0.0,0.0,0.3,14.3,,Cash
62bb3d54a9bf74157cd59b66552b70f1,2,1,196,135,2019-01-21T18:21:45Z,2019-01-21T18:34:12Z,1,1,1,Green,13.5,0.0,0.5,2.86,0.0,0.3,17.16,,Credit Card
7897b5ec0a0c414bc6db3f41d188623e,2,1,75,163,2019-01-21T12:37:19Z,2019-01-21T12:53:14Z,1,1,1,Green,13.5,0.0,0.5,2.86,0.0,0.3,17.16,,Credit Card
4b6c67e782ab8bb79032410f6f9a409c,2,1,74,238,2019-01-21T07:32:54Z,2019-01-21T07:50:15Z,1,1,1,Green,13.5,0.0,0.5,4.29,0.0,0.3,18.59,,Credit Card
aa555e6d8c18c56b079800b2974b2ffe,2,5,203,191,2019-01-21T08:41:12Z,2019-01-21T08:58:02Z,1,2,1,Green,17.94,0.0,0.5,0.0,0.0,0.0,18.44,,Credit Card
cba8bac3e086e68350c75206bbcb9d57,2,1,97,61,2019-01-21T10:53:39Z,2019-01-21T11:06:47Z,2,1,1,Green,11.0,0.0,0.5,2.36,0.0,0.3,14.16,,Credit Card
cae930bdb8d05e4ba950cb606af97add,2,1,33,125,2019-01-21T13:13:15Z,2019-01-21T13:23:42Z,1,1,1,Green,11.0,0.0,0.5,2.36,0.0,0.3,14.16,,Credit Card
ead76741514727ea7c58dc69dadff5d0,1,1,188,89,2019-01-21T18:12:16Z,2019-01-21T18:27:23Z,1,1,1,Green,11.0,0.0,0.5,0.0,0.0,0.3,11.8,,Credit Card
da984f490a8b0eb051fe83cb00948d9b,2,1,212,126,2019-01-21T13:10:28Z,2019-01-21T13:24:58Z,1,1,2,Green,11.0,0.0,0.5,0.0,0.0,0.3,11.8,,Cash
a45c9264cd2f82ed7c5d15eeb2898a44,2,1,74,151,2019-01-21T15:26:15Z,2019-01-21T15:40:12Z,1,1,1,Green,11.0,0.0,0.5,0.0,0.0,0.3,11.8,,Credit Card
ecebc3bed8b74e72b6496548c38b63ac,2,1,75,166,2019-01-21T15:48:26Z,2019-01-21T15:59:59Z,1,1,1,Green,11.0,0.0,0.5,0.0,0.0,0.3,11.8,,Credit Card
6dc4d014faf79f5ecca32f77b9182cab,2,1,43,142,2019-01-21T12:02:35Z,2019-01-21T12:14:22Z,1,1,1,Green,11.0,0.0,0.5,2.95,0.0,0.3,14.75,,Credit Card
1f87e1a3592ca1e929c991b1e9f0a0ed,2,1,74,263,2019-01-21T08:33:48Z,2019-01-21T08:41:43Z,1,1,1,Green,8.5,0.0,0.5,1.86,0.0,0.3,11.16,,Credit Card
b4586695638d6d2dad228e5ef42e9e14,2,1,74,236,2019-01-21T15:00:17Z,2019-01-21T15:09:25Z,1,1,1,Green,8.5,0.0,0.5,1.86,0.0,0.3,11.16,,Credit Card
0e4a9118364b0b237c33138e2b182398,2,1,97,66,2019-01-21T17:10:41Z,2019-01-21T17:21:11Z,2,1,1,Green,8.5,0.0,0.5,2.32,0.0,0.3,11.62,,Credit Card
7805fa81eefcc1ebd84f9f42374d1d88,2,1,244,116,2019-01-21T22:36:16Z,2019-01-21T22:45:50Z,1,1,2,Green,8.5,0.5,0.5,0.0,0.0,0.3,9.8,,Cash
005e9540c155ae61377cca71cb144122,1,1,129,173,2019-01-21T04:58:10Z,2019-01-21T05:08:04Z,3,1,2,Green,8.5,0.5,0.5,0.0,0.0,0.3,9.8,,Cash
974587deece05123b948ad271189ceb1,2,1,74,151,2019-01-21T20:00:28Z,2019-01-21T20:10:04Z,2,1,1,Green,8.5,0.0,0.5,2.0,0.0,0.3,11.3,,Credit Card